code,name,sector,price,price_date,price_source,units,units_source,net_debt_per_unit,ev_per_unit,net_debt_bs_date,dist_jul_sep_per_unit,fee_per_unit_annual,cf_basis,base_date,cf_end,remaining_years_to_cf_end,n_years,undiscounted_net_cf_per_unit,IRR,IRR_pct,IRR_ev_uncalibrated_pct,calib_k,WAL,mac_duration,matched_tenor_yield,yield_at_duration,yield_at_remaining,cgb_10y,curve_date,spread_bp,spread_vs_10y_bp,spread_vs_remaining_bp,price_2025ye,ev_2025ye,IRR_ev_2025ye_pct,irr_disclosed_2025YE_pct,gap_vs_disclosed_bp,confidence,flag,notes,source_url_pages,calib_source,IRR_pct_equity_price_basis,IRR_calibrated_pct_equity_price_basis,WAL_equity_price_basis,matched_tenor_yield_equity_price_basis,spread_bp_equity_price_basis,spread_vs_10y_bp_equity_price_basis
508086.SH,工银瑞信河北高速集团高速公路REIT,高速公路,4.193,2026-09-29,akshare fund_etf_hist_sina(sh508086) close,1000000000,2026Q2季报,-0.1889,4.0041,2026-06-30,0.082,0.01122,更新招募说明书 IPO评估 表3-1-11 预测期税前现金流：税前净现金流量（基准日2023-12-31，非2025年度评估；2025年度评估报告为摘要版无现金流表）（按2025评估值校准，k=0.7890）,2023-12-31,2039-03-17,12.468,12.47,7.2595,0.122415,12.241,18.619,0.789,5.726,4.591,1.4319,1.3718,1.7172,1.667,2026-09-29,1081.0,1057.4,1052.4,4.975,4.7834,7.928,5.25,267.8,low,stale_IPO_forecast_calibrated;gap_vs_disclosed>150bp,"EV口径：资产组税前现金流（估值原值）对应企业价值；EV=收盘价+(合并口径有息负债-现金+7-9月已除息分配)/份额，负债现金取自2026-06-30；扣除基金管理人+ABS管理人+托管费（2025年计提额，按剩余期限线性递减）；未扣所得税（估值现金流为税前，SPV股东借款/债务结构大体可抵税，实际税负可能使IRR略偏高）；未计营运资金/应付项目等非有息负债；IPO时点预测；2025年实际可供分配金额47,350万元仅为预测56,949万元的83%，预测现金流可能偏乐观（IRR偏高）",工银瑞信河北高速集团高速公路封闭式基础设施证券投资基金更新的招募说明书（2026年第1号） https://www.sse.com.cn/disclosure/fund/announcement/c/new/2026-05-22/508086_20260522_3HZJ.pdf 更新招募说明书 PDF p260-261（正文页码235-236）,2025年报：公路收益权评估值469；2025年报：税前折现率由9.41%调整至8.52%,16.595,10.741,5.803,1.4358,1515.9,1492.8
508069.SH,华夏南京交通高速公路REIT,高速公路,5.273,2026-09-29,akshare fund_etf_hist_sina(sh508069) close,500000000,2026Q2季报,0.4278,5.7008,2026-06-30,0.1189,0.01151,更新招募说明书（IPO）资产组 FCFFBT（税前企业自由现金流，基准日2024-03-31，非2025年度评估）（按2025评估值校准，k=0.9493）,2024-03-31,2035-09-29,9.003,8.63,7.6716,0.066873,6.687,7.987,0.9493,4.803,4.369,1.3838,1.3594,1.6105,1.667,2026-09-29,530.4,502.0,507.7,6.501,6.7696,3.29,1.44,185.0,low,stale_IPO_forecast_calibrated;gap_vs_disclosed>150bp,"EV口径：资产组税前现金流（估值原值）对应企业价值；EV=收盘价+(合并口径有息负债-现金+7-9月已除息分配)/份额，负债现金取自2026-06-30；扣除基金管理人+ABS管理人+托管费（2025年计提额，按剩余期限线性递减）；未扣所得税（估值现金流为税前，SPV股东借款/债务结构大体可抵税，实际税负可能使IRR略偏高）；未计营运资金/应付项目等非有息负债；2035年1-9月列已含期末营运资金回收-65.17；未扣期初货币资金投入1,108.57；2025年度评估报告附于年报后为扫描件未识读",华夏南京交通高速公路封闭式基础设施证券投资基金招募说明书更新 https://www.sse.com.cn/disclosure/fund/announcement/c/new/2025-10-16/508069_20251016_FG12.pdf 更新招募说明书 PDF p234,2025年报：评估价值270；未取得2025折现率，沿用IPO估值8.31%,9.289,7.998,4.902,1.3893,790.0,762.2
508066.SH,华泰紫金江苏交控高速公路REIT,高速公路,5.474,2026-09-29,akshare fund_etf_hist_sina(sh508066) close,400000000,2026Q2季报,0.375,5.849,2026-06-30,0.42519,0.02216,招募说明书（IPO）资产组经营性资产价值测算表：净现金流（基准日2022-06-30，非2025年度评估）（按2025评估值校准，k=0.9377）,2022-06-30,2033-01-11,6.288,6.27,7.5958,0.087374,8.737,11.164,0.9377,3.26,2.979,1.2972,1.2819,1.4606,1.667,2026-09-29,744.0,707.0,727.7,5.66,5.6016,10.343,7.07,327.3,low,stale_IPO_forecast_calibrated;gap_vs_disclosed>150bp,EV口径：资产组税前现金流（估值原值）对应企业价值；EV=收盘价+(合并口径有息负债-现金+7-9月已除息分配)/份额，负债现金取自2026-06-30；扣除基金管理人+ABS管理人+托管费（2025年计提额，按剩余期限线性递减）；未扣所得税（估值现金流为税前，SPV股东借款/债务结构大体可抵税，实际税负可能使IRR略偏高）；未计营运资金/应付项目等非有息负债；2022年IPO时点预测；2025年度评估报告扫描件现金流表未能可靠识读,4  华泰紫金江苏交控高速公路封闭式基础设施证券投资基金招募说明书 https://www.sse.com.cn/disclosure/fund/announcement/c/new/2022-10-17/508066_20221017_4_xq5ty1l2.pdf 首发招募说明书 PDF p1483-1484,2025年报：评估价值241；未取得2025折现率，沿用IPO估值8.31%,12.539,10.155,3.341,1.3017,1123.7,1087.2
180201.SZ,平安广州交投广河高速公路REIT,高速公路,6.798,2026-09-29,akshare fund_etf_hist_sina(sz180201) close,700000000,2026Q2季报,1.1584,7.9564,2026-06-30,0.353,0.01522,2025年度评估报告 资产组息税前净现金流（EBITDA-资本性支出-营运资金净增加+营运资金回收）,2025-12-31,2036-12-16,10.219,10.22,16.5584,0.158182,15.818,,,5.637,4.347,1.4273,1.3582,1.6715,1.667,2026-09-29,1439.1,1415.1,1414.7,8.026,9.0713,11.763,10.03,173.3,high,IRR>15%;gap_vs_disclosed>150bp,EV口径：资产组税前现金流（估值原值）对应企业价值；EV=收盘价+(合并口径有息负债-现金+7-9月已除息分配)/份额，负债现金取自2026-06-30；扣除基金管理人+ABS管理人+托管费（2025年计提额，按剩余期限线性递减）；未扣所得税（估值现金流为税前，SPV股东借款/债务结构大体可抵税，实际税负可能使IRR略偏高）；未计营运资金/应付项目等非有息负债；评估预测营业收入由2026年8.22亿增至2036年16.17亿（年均约7%），增长假设激进；期末资产无偿移交,平安广州交投广河高速公路封闭式基础设施证券投资基金2025年度评估报告 http://static.cninfo.com.cn/finalpage/2026-03-28/1225044537.PDF 评估报告PDF p46-47（报告页码44-45，扫描件目视转录，逐年按EBITDA-资本性支出-营运资金净增加勾稽）,,19.379,,5.712,1.4312,1794.8,1771.2
508001.SH,浙商证券沪杭甬杭徽高速REIT,高速公路,4.7,2026-09-29,akshare fund_etf_hist_sina(sh508001) close,500000000,2026Q2季报,0.6585,5.3585,2026-06-30,0.3925,0.0219,更新招募说明书 IPO评估 现金流现值预测表：自由现金流量（税前，基准日2020-12-31，非2025年度评估）（按2025评估值校准，k=0.8619）,2020-12-31,2031-12-25,5.238,5.24,7.0064,0.120917,12.092,20.227,0.8619,2.481,2.218,1.2663,1.258,1.407,1.667,2026-09-29,1082.5,1042.5,1068.5,5.653,6.2988,6.734,2.25,448.4,low,stale_IPO_forecast_calibrated;gap_vs_disclosed>150bp,EV口径：资产组税前现金流（估值原值）对应企业价值；EV=收盘价+(合并口径有息负债-现金+7-9月已除息分配)/份额，负债现金取自2026-06-30；扣除基金管理人+ABS管理人+托管费（2025年计提额，按剩余期限线性递减）；未扣所得税（估值现金流为税前，SPV股东借款/债务结构大体可抵税，实际税负可能使IRR略偏高）；未计营运资金/应付项目等非有息负债；IPO时点（2021年）预测，基准日较早；昌化至昱岭关段2029-12-25到期已含在预测中,浙商证券沪杭甬杭徽高速封闭式基础设施证券投资基金招募说明书（2026年定期更新） https://www.sse.com.cn/disclosure/fund/announcement/c/new/2026-06-05/508001_20260605_ZX88.pdf 更新招募说明书 PDF p147（正文页码132-133）,2025年报：资产组本次评估值308；2025年报：折现率7.92%,24.157,16.065,2.588,1.2696,2288.8,2249.0
508018.SH,华夏中国交建高速公路REIT,高速公路,5.808,2026-09-29,akshare fund_etf_hist_sina(sh508018) close,1000000000,2026Q2季报,1.2402,7.0482,2026-06-30,0.07618,0.0083,,,2046-08-27,19.921,,,,,,,,,,,,1.667,2026-09-29,,,,,,,9.37,,n/a,NOT_COMPUTED,2025年度评估报告为摘要版（无逐年现金流表）；招募说明书未披露逐年评估现金流表；未计算,,,,,,,,
508008.SH,国金铁建重庆渝遂高速公路REIT,高速公路,7.325,2026-09-29,akshare fund_etf_hist_sina(sh508008) close,500000000,2026Q2季报,-1.446,5.879,2026-06-30,0,0.01712,更新招募说明书（IPO）图表3-2 本次评估计算结果表：资产组现金流（税前）（基准日2021-12-31，非2025年度评估）（按2025评估值校准，k=0.8829）,2021-12-31,2034-12-08,8.195,7.73,9.432,0.123167,12.317,16.222,0.8829,4.37,3.766,1.3595,1.3256,1.5647,1.667,2026-09-29,1095.7,1065.0,1075.2,7.963,6.652,9.21,3.45,576.0,low,stale_IPO_forecast_calibrated;gap_vs_disclosed>150bp,EV口径：资产组税前现金流（估值原值）对应企业价值；EV=收盘价+(合并口径有息负债-现金+7-9月已除息分配)/份额，负债现金取自2026-06-30；扣除基金管理人+ABS管理人+托管费（2025年计提额，按剩余期限线性递减）；未扣所得税（估值现金流为税前，SPV股东借款/债务结构大体可抵税，实际税负可能使IRR略偏高）；未计营运资金/应付项目等非有息负债；2021年IPO时点预测；2027-2028年现金流下降（大修/资本性支出）后回升；2025年度评估报告扫描件未识读,国金铁建重庆渝遂高速公路封闭式基础设施证券投资基金招募说明书（更新） https://www.sse.com.cn/disclosure/fund/announcement/c/new/2026-06-17/508008_20260617_SL2F.pdf 更新招募说明书 PDF p221-222（正文页码219-220，表格为图片，目视转录并以CF×折现系数=预测期价值勾稽）,2025年报：资产组评估值347；2025年报：折现率8.34%（2026-2030；后段年份费率未取得，按8.34%平均近似）,8.633,5.432,4.487,1.366,726.7,696.6
180202.SZ,华夏越秀高速公路REIT,高速公路,4.516,2026-09-29,akshare fund_etf_hist_sina(sz180202) close,300000000,2026Q2季报,1.0535,5.5695,2026-06-30,0.09627,0.01404,招募说明书（IPO）特许经营权资产组 税前现金流（基准日2021-06-30，非2025年度评估；2025年度评估报告为扫描件未能定位现金流表）（按2025评估值校准，k=0.8398）,2021-06-30,2036-12-09,10.2,9.73,10.8958,0.148371,14.837,19.905,0.8398,5.451,4.255,1.4179,1.353,1.6711,1.667,2026-09-29,1341.9,1317.0,1316.6,5.319,6.3017,11.009,6.22,478.9,low,stale_IPO_forecast_calibrated;gap_vs_disclosed>150bp,"EV口径：资产组税前现金流（估值原值）对应企业价值；EV=收盘价+(合并口径有息负债-现金+7-9月已除息分配)/份额，负债现金取自2026-06-30；扣除基金管理人+ABS管理人+托管费（2025年计提额，按剩余期限线性递减）；未扣所得税（估值现金流为税前，SPV股东借款/债务结构大体可抵税，实际税负可能使IRR略偏高）；未计营运资金/应付项目等非有息负债；2036/12/9列已含到期资产回收2,051.03；2021年IPO时点预测，时效性差",华夏越秀高速公路封闭式基础设施证券投资基金招募说明书 http://static.cninfo.com.cn/finalpage/2021-11-16/1211589474.PDF 首发招募说明书 PDF p1367-1368,2025年报：评估值217；2025年报：各年税前WACC 8.07%-8.32%（取中值8.20%）,25.648,20.078,5.523,1.4215,2422.6,2398.1
180203.SZ,招商高速公路REIT,高速公路,7.223,2026-09-29,akshare fund_etf_hist_sina(sz180203) close,500000000,2026Q2季报,0.5813,7.8043,2026-06-30,0.1965,0.01441,招募说明书（IPO）附表九 亳阜高速资产组税前现金流（基准日2024-03-31，非2025年度评估）（按2025评估值校准，k=0.9482）,2024-03-31,2036-12-14,10.214,10.21,10.7907,0.06762,6.762,8.007,0.9482,5.231,4.673,1.4066,1.3764,1.6713,1.667,2026-09-29,535.5,509.5,509.1,6.775,7.2207,8.393,5.91,248.3,low,stale_IPO_forecast_calibrated;gap_vs_disclosed>150bp,EV口径：资产组税前现金流（估值原值）对应企业价值；EV=收盘价+(合并口径有息负债-现金+7-9月已除息分配)/份额，负债现金取自2026-06-30；扣除基金管理人+ABS管理人+托管费（2025年计提额，按剩余期限线性递减）；未扣所得税（估值现金流为税前，SPV股东借款/债务结构大体可抵税，实际税负可能使IRR略偏高）；未计营运资金/应付项目等非有息负债；2025年度评估报告为扫描件未能定位现金流表,招商基金招商公路高速公路封闭式基础设施证券投资基金招募说明书 http://static.cninfo.com.cn/finalpage/2024-09-18/1221220994.PDF 首发招募说明书 PDF p1312-1313（附表九）,2025年报：评估价值363；2025年报：2025-12-31基准日折现率8.41%,9.375,8.125,5.313,1.4108,796.4,770.8
508007.SH,中金山高集团高速公路REIT,高速公路,7.66,2026-09-29,akshare fund_etf_hist_sina(sh508007) close,400000000,2026Q2季报,-0.1616,7.4984,2026-06-30,0.1209,0.00708,招募说明书（IPO）鄄菏高速 净现金流量预测表（基准日2023-03-31，非2025年度评估）（按2025评估值校准，k=0.7971）,2023-03-31,2040-12-27,14.252,13.76,10.6952,0.049335,4.934,8.576,0.7971,7.777,6.968,1.541,1.4954,1.7534,1.667,2026-09-29,339.3,326.7,318.0,7.364,6.9586,5.974,4.39,158.4,low,stale_IPO_forecast_calibrated;gap_vs_disclosed>150bp,"EV口径：资产组税前现金流（估值原值）对应企业价值；EV=收盘价+(合并口径有息负债-现金+7-9月已除息分配)/份额，负债现金取自2026-06-30；扣除基金管理人+ABS管理人+托管费（2025年计提额，按剩余期限线性递减）；未扣所得税（估值现金流为税前，SPV股东借款/债务结构大体可抵税，实际税负可能使IRR略偏高）；未计营运资金/应付项目等非有息负债；2040年列已含回收营运资金1,179.78；2028年值为跨行文本拼接29,476.32；2025年度评估报告扫描件未识读",中金山高集团高速公路封闭式基础设施证券投资基金招募说明书 https://www.sse.com.cn/disclosure/fund/announcement/c/new/2023-09-19/508007_20230919_MWDU.pdf 首发招募说明书 PDF p836-837（正文页码221-222）,2025年报：收益法评估结果240；2025年报：折现率8.27%,7.94,4.442,7.858,1.5456,639.4,627.3
508009.SH,中金安徽交控高速公路REIT,高速公路,6.041,2026-09-29,akshare fund_etf_hist_sina(sh508009) close,1000000000,2026Q2季报,0.9802,7.0212,2026-06-30,0.088,0.00794,,,2038-06-27,11.748,,,,,,,,,,,,1.667,2026-09-29,,,,,,,7.67,,n/a,NOT_COMPUTED,2025年度评估报告为摘要版（无逐年现金流表）；首发招募说明书估值部分未披露逐年现金流表；未计算,,,,,,,,
508096.SH,中航京能国际能源REIT,能源,9.041,2026-09-29,akshare fund_etf_hist_sina(sh508096) close,600880354,2026Q2季报,0.5675,9.6085,2026-06-30,0.209,0.01087,2025年度评估报告 资产组净现金流量计算表（税前）：税前自由现金流；晶泰光伏+榆林光伏+两河水电三资产组合计,2025-12-31,2051-06-30,24.764,24.76,15.7922,0.058361,5.836,,,10.007,7.615,1.6671,1.5318,1.9671,1.667,2026-09-29,416.9,416.9,386.9,10.1,10.0349,5.371,2.51,286.1,high,gap_vs_disclosed>150bp,"EV口径：资产组税前现金流（估值原值）对应企业价值；EV=收盘价+(合并口径有息负债-现金+7-9月已除息分配)/份额，负债现金取自2026-06-30；扣除基金管理人+ABS管理人+托管费（2025年计提额，按剩余期限线性递减）；未扣所得税（估值现金流为税前，SPV股东借款/债务结构大体可抵税，实际税负可能使IRR略偏高）；未计营运资金/应付项目等非有息负债；光伏两表折现期为年末口径(1.00,2.00…)，水电表为年中口径；2042年水电值按表内勾稽(EBIT+折旧-资本支出-营运资金)核为22,700.54；估值另扣期初营运资金(晶泰12,957.12/榆林40,941.79)",中航京能国际能源封闭式基础设施证券投资基金2025年度评估报告 https://www.sse.com.cn/disclosure/fund/announcement/c/new/2026-03-31/508096_20260331_R3WU.pdf 评估报告PDF p26（晶泰）、p53（江山永宸/榆林）、p80（两河水电），均为横排表,,6.446,,10.148,1.67,477.6,477.9
508030.SH,中航中核汇能新能源REIT,能源,6.575,2026-09-29,akshare fund_etf_hist_sina(sh508030) close,200000000,基金合同生效公告,0.0,6.575,n/a,0,,,,2042-09-09,15.953,,,,,,,,,,,,1.667,2026-09-29,,,,,,,,,n/a,NOT_COMPUTED,2026年新发，逐年现金流表位于招募书扫描附件未定位；未计算（招募书披露发行价全周期IRR 5.52%）,,,,,,,,
180402.SZ,工银瑞信蒙能清洁能源REIT,能源,4.83,2026-09-29,akshare fund_etf_hist_sina(sz180402) close,200000000,2026Q2季报,-0.1436,4.6864,2026-06-30,0.43,0.01121,2025年度评估报告 表3现金流计算表：企业自由现金流（税前），华晨+恒润两资产组合计（末期列已含资产回收/长期资产回收/营运资金回收）,2025-12-31,2037-03-31,10.507,10.38,4.9973,0.015465,1.546,,,4.251,4.121,1.3528,1.3455,1.6773,1.667,2026-09-29,19.4,-12.1,-13.1,6.434,5.5217,-0.814,-3.61,279.6,high,gap_vs_disclosed>150bp,"EV口径：资产组税前现金流（估值原值）对应企业价值；EV=收盘价+(合并口径有息负债-现金+7-9月已除息分配)/份额，负债现金取自2026-06-30；扣除基金管理人+ABS管理人+托管费（2025年计提额，按剩余期限线性递减）；未扣所得税（估值现金流为税前，SPV股东借款/债务结构大体可抵税，实际税负可能使IRR略偏高）；未计营运资金/应付项目等非有息负债；value为经营性资产价值；溢余性资产(华晨13,239.21/恒润4,668.59)未计入现金流",工银瑞信蒙能清洁能源封闭式基础设施证券投资基金2025年度评估报告 http://static.cninfo.com.cn/finalpage/2026-03-31/1225055676.PDF 评估报告PDF p44（华晨）、p88（恒润），横排表,,0.295,,4.381,1.3601,-106.5,-137.2
508026.SH,嘉实中国电建清洁能源REIT,能源,3.81,2026-09-29,akshare fund_etf_hist_sina(sh508026) close,400000000,2026Q2季报,-0.2348,3.5752,2026-06-30,0,0.00516,2025年度评估报告 净现金流量预测明细表：息税前现金流量,2025-12-31,2058-10-31,32.107,32.11,5.1265,0.024233,2.423,,,16.092,14.021,1.7908,1.7487,2.0735,1.667,2026-09-29,63.2,75.6,35.0,4.012,3.6884,2.214,1.25,96.4,high,,"EV口径：资产组税前现金流（估值原值）对应企业价值；EV=收盘价+(合并口径有息负债-现金+7-9月已除息分配)/份额，负债现金取自2026-06-30；扣除基金管理人+ABS管理人+托管费（2025年计提额，按剩余期限线性递减）；未扣所得税（估值现金流为税前，SPV股东借款/债务结构大体可抵税，实际税负可能使IRR略偏高）；未计营运资金/应付项目等非有息负债；评估值含溢余及非经营性资产负债12,130.38万元（未计入现金流）；公允参考净值2.4194元/份，现价显著高于估值",嘉实中国电建清洁能源封闭式基础设施证券投资基金2025年评估报告 https://www.sse.com.cn/disclosure/fund/announcement/c/new/2026-03-30/508026_20260330_3296.pdf 评估报告PDF p73-77（横排表）,,2.024,,16.116,1.7913,23.3,35.7
508015.SH,中信建投明阳智能新能源REIT,能源,5.243,2026-09-29,akshare fund_etf_hist_sina(sh508015) close,200000000,2026Q2季报,0.0909,5.3339,2026-06-30,0.1564,0.02503,2025年度评估报告 企业价值测算表：息税前自由现金流（利润总额+折旧摊销-营运资金追加），洁源黄骅+克什克腾旗明阳两资产组合计,2025-12-31,2038-07-31,11.841,11.84,8.0978,0.087509,8.751,,,5.418,4.547,1.4162,1.3694,1.7044,1.667,2026-09-29,733.5,708.4,704.6,6.879,6.5157,4.441,2.21,223.1,high,gap_vs_disclosed>150bp,EV口径：资产组税前现金流（估值原值）对应企业价值；EV=收盘价+(合并口径有息负债-现金+7-9月已除息分配)/份额，负债现金取自2026-06-30；扣除基金管理人+ABS管理人+托管费（2025年计提额，按剩余期限线性递减）；未扣所得税（估值现金流为税前，SPV股东借款/债务结构大体可抵税，实际税负可能使IRR略偏高）；未计营运资金/应付项目等非有息负债；2034年前后国补到期致收入下降；克旗经营期末按OCR所见“2037年4月”取2037-04-30（折现期11.33年吻合）,中信建投明阳智能新能源封闭式基础设施证券投资基金2025年评估报告 https://www.sse.com.cn/disclosure/fund/announcement/c/new/2026-03-31/508015_20260331_XAUV.pdf 评估报告PDF p111（洁源黄骅）、p227（克什克腾旗明阳），横排扫描表，目视转录并按分项及CF×折现系数勾稽,,9.022,,5.482,1.4194,760.2,735.5
508089.SH,华夏特变电工新能源REIT,能源,4.083,2026-09-29,akshare fund_etf_hist_sina(sh508089) close,300000000,2026Q2季报,-0.3397,3.7433,2026-06-30,0,0.00824,2025年度评估报告 预测现金流量现值测算表：净现金流量（税前）,2025-12-31,2041-06-30,14.759,14.72,6.6368,0.101958,10.196,,,6.554,5.262,1.4742,1.4082,1.7637,1.667,2026-09-29,872.2,852.9,843.2,4.724,4.138,7.26,3.46,380.0,high,gap_vs_disclosed>150bp,"EV口径：资产组税前现金流（估值原值）对应企业价值；EV=收盘价+(合并口径有息负债-现金+7-9月已除息分配)/份额，负债现金取自2026-06-30；扣除基金管理人+ABS管理人+托管费（2025年计提额，按剩余期限线性递减）；未扣所得税（估值现金流为税前，SPV股东借款/债务结构大体可抵税，实际税负可能使IRR略偏高）；未计营运资金/应付项目等非有息负债；2026年营运资金追加13,847.17万元（国补应收）；2036年后国补到期收入下降，2036-2038营运资金回收",华夏特变电工新能源封闭式基础设施证券投资基金2025年年度评估报告 https://www.sse.com.cn/disclosure/fund/announcement/c/new/2026-03-27/508089_20260327_8IJO.pdf 评估报告PDF p28（横排表）,,8.56,,6.552,1.4741,708.6,689.3
180401.SZ,鹏华深圳能源清洁能源REIT,能源,5.387,2026-09-29,akshare fund_etf_hist_sina(sz180401) close,600000000,2026Q2季报,-0.2714,5.1156,2026-06-30,0.125,0.01552,2025年度评估报告 税前现金流预测表：净现金流（利润总额-营运资金净增加-资本性支出+折旧摊销+回收期固定资产/营运资金回收）,2025-12-31,2037-12-31,11.26,11.26,6.838,0.050892,5.089,,,6.166,5.529,1.4544,1.4218,1.6926,1.667,2026-09-29,363.5,342.2,339.7,5.373,4.8584,6.179,,,high,,"EV口径：资产组税前现金流（估值原值）对应企业价值；EV=收盘价+(合并口径有息负债-现金+7-9月已除息分配)/份额，负债现金取自2026-06-30；扣除基金管理人+ABS管理人+托管费（2025年计提额，按剩余期限线性递减）；未扣所得税（估值现金流为税前，SPV股东借款/债务结构大体可抵税，实际税负可能使IRR略偏高）；未计营运资金/应付项目等非有息负债；深圳东部电力（燃气电厂），折现率6.94%，净现值合计约292,7xx万元",鹏华深圳能源清洁能源封闭式基础设施证券投资基金2025年资产评估报告 http://static.cninfo.com.cn/finalpage/2026-03-30/1225039892.PDF 评估报告PDF p34（横排扫描表，目视转录，按CF×折现系数≈净现值勾稽）,,3.952,,6.247,1.4585,249.3,228.5
508033.SH,易方达深高速高速公路REIT,高速公路,5.969,2026-09-29,akshare fund_etf_hist_sina(sh508033) close,300000000,2026Q2季报,0.1607,6.1297,2026-06-30,0.3951,0.01813,更新招募说明书（IPO）经营权价值计算结果：税前现金流（基准日2023-09-30，非2025年度评估）（按2025评估值校准，k=0.9670）,2023-09-30,2034-03-20,7.474,7.37,8.6425,0.100827,10.083,11.209,0.967,3.805,3.348,1.3278,1.3021,1.5239,1.667,2026-09-29,875.5,841.6,855.9,6.1,5.9936,10.838,5.35,548.8,low,stale_IPO_forecast_calibrated;gap_vs_disclosed>150bp,"EV口径：资产组税前现金流（估值原值）对应企业价值；EV=收盘价+(合并口径有息负债-现金+7-9月已除息分配)/份额，负债现金取自2026-06-30；扣除基金管理人+ABS管理人+托管费（2025年计提额，按剩余期限线性递减）；未扣所得税（估值现金流为税前，SPV股东借款/债务结构大体可抵税，实际税负可能使IRR略偏高）；未计营运资金/应付项目等非有息负债；2034年1-3月列已含到期资产回收1,354.25",易方达深高速高速公路封闭式基础设施证券投资基金更新的招募说明书 https://www.sse.com.cn/disclosure/fund/announcement/c/new/2026-04-29/508033_20260429_9C0F.pdf 更新招募说明书 PDF p236-238,2025年报：市场价值178；未取得2025折现率，沿用IPO估值11.40%,11.042,9.967,3.9,1.3331,970.8,937.5
508036.SH,平安宁波交投杭州湾跨海大桥REIT,高速公路,7.415,2026-09-29,akshare fund_etf_hist_sina(sh508036) close,1000000000,2026Q2季报,1.2261,8.6411,2026-06-30,0.58,0.01698,更新招募说明书 扩募/IPO评估 资产组税前净现金流量（基准日2024-06-30，非2025年度评估）（按2025评估值校准，k=0.9995）,2024-06-30,2033-04-30,6.586,6.59,11.4902,0.10263,10.263,10.282,0.9995,3.109,2.727,1.2887,1.274,1.4759,1.667,2026-09-29,897.4,859.6,878.7,8.659,9.8795,6.778,1.64,513.8,low,stale_IPO_forecast_calibrated;gap_vs_disclosed>150bp,EV口径：资产组税前现金流（估值原值）对应企业价值；EV=收盘价+(合并口径有息负债-现金+7-9月已除息分配)/份额，负债现金取自2026-06-30；扣除基金管理人+ABS管理人+托管费（2025年计提额，按剩余期限线性递减）；未扣所得税（估值现金流为税前，SPV股东借款/债务结构大体可抵税，实际税负可能使IRR略偏高）；未计营运资金/应付项目等非有息负债；2025年度评估报告为摘要版（净现金流计算表为扫描件未能可靠识读），采用招募说明书口径,平安宁波交投杭州湾跨海大桥封闭式基础设施证券投资基金招募说明书（更新) https://www.sse.com.cn/disclosure/fund/announcement/c/new/2025-12-05/508036_20251205_NXLS.pdf 更新招募说明书 PDF p225（正文页码224-225）,2025年报：资产组本次评估值903；2025年报：折现率9.95%,14.446,14.426,3.232,1.2956,1315.1,1277.9
508016.SH,华夏华电清洁能源REIT,能源,4.276,2026-09-29,akshare fund_etf_hist_sina(sh508016) close,500000000,2026Q2季报,-0.104,4.172,2026-06-30,0,0.00374,2025年度评估报告 净现金流表（表2）：净现金流（毛现金流-资本性支出-营运资金增加）,2025-12-31,2045-12-31,19.266,19.27,7.2872,0.057699,5.77,,,11.0,8.898,1.6873,1.6045,1.8553,1.667,2026-09-29,408.3,410.3,391.5,4.348,4.3361,5.155,2.66,249.5,high,gap_vs_disclosed>150bp,"EV口径：资产组税前现金流（估值原值）对应企业价值；EV=收盘价+(合并口径有息负债-现金+7-9月已除息分配)/份额，负债现金取自2026-06-30；扣除基金管理人+ABS管理人+托管费（2025年计提额，按剩余期限线性递减）；未扣所得税（估值现金流为税前，SPV股东借款/债务结构大体可抵税，实际税负可能使IRR略偏高）；未计营运资金/应付项目等非有息负债；评估值=现值总额181,337.49-期初营运资金21,507.54；本表未扣期初营运资金（该部分为基金已持有的营运资金）",华夏华电清洁能源封闭式基础设施证券投资基金2025年年度评估报告 https://www.sse.com.cn/disclosure/fund/announcement/c/new/2026-03-27/508016_20260327_ZRIM.pdf 评估报告PDF p36-38（横排表）,,5.406,,11.057,1.6885,371.8,373.9
508028.SH,中信建投国家电投新能源REIT,能源,9.69,2026-09-29,akshare fund_etf_hist_sina(sh508028) close,800000000,2026Q2季报,0.2155,9.9055,2026-06-30,0,0.01867,2025年度评估报告 净现金流量预测表（税前）：净现金流量（税前），末期含资产回收,2025-12-31,2043-06-30,16.759,16.51,14.8021,0.060295,6.029,,,7.473,6.263,1.5238,1.4593,1.8044,1.667,2026-09-29,450.6,436.2,422.5,10.245,10.0398,5.965,3.47,249.5,high,gap_vs_disclosed>150bp,"EV口径：资产组税前现金流（估值原值）对应企业价值；EV=收盘价+(合并口径有息负债-现金+7-9月已除息分配)/份额，负债现金取自2026-06-30；扣除基金管理人+ABS管理人+托管费（2025年计提额，按剩余期限线性递减）；未扣所得税（估值现金流为税前，SPV股东借款/债务结构大体可抵税，实际税负可能使IRR略偏高）；未计营运资金/应付项目等非有息负债；2043年1-6月列含资产回收25,316.97万元",中信建投国家电投新能源封闭式基础设施证券投资基金2025年评估报告 https://www.sse.com.cn/disclosure/fund/announcement/c/new/2026-03-31/508028_20260331_J6UH.pdf 评估报告PDF p34-35（报告页码第31-32页）,,6.131,,7.59,1.5304,460.1,446.4
508050.SH,华夏中核清洁能源REIT,能源,6.295,2026-09-29,akshare fund_etf_hist_sina(sh508050) close,300000000,2026Q2季报,-0.1663,6.1287,2026-06-30,0.12133,,,,2061-04-10,34.551,,,,,,,,,,,,1.667,2026-09-29,,,,,,,,,n/a,NOT_COMPUTED,逐年现金流表位于招募书扫描附件未定位；未计算（招募书披露全周期IRR 6.10%）,,,,,,,,
508006.SH,富国首创水务REIT,市政环保,3.303,2026-09-29,akshare fund_etf_hist_sina(sh508006) close,500000000,2026Q2季报,-0.105,3.198,2026-06-30,0.208,0.00881,,,2047-09-29,21.011,,,,,,,,,,,,1.667,2026-09-29,,,,,,,1.76,,n/a,NOT_COMPUTED,2025年度评估报告（4个项目）均为摘要版；招募说明书现金流表为图片且未定位；未计算,,,,,,,,
180801.SZ,中航首钢生物质REIT,市政环保,11.354,2026-09-29,akshare fund_etf_hist_sina(sz180801) close,100000000,2026Q2季报,-0.5999,10.7541,2026-06-30,0.2149,0.07739,2025年度评估报告 预测现金流量现值测算表：折旧息税前现金流量,2025-12-31,2042-01-01,15.266,15.27,21.2476,0.078765,7.877,,,9.761,8.181,1.6535,1.5639,1.774,1.667,2026-09-29,622.3,621.0,610.3,11.747,10.8103,7.496,4.02,347.6,high,gap_vs_disclosed>150bp,"EV口径：资产组税前现金流（估值原值）对应企业价值；EV=收盘价+(合并口径有息负债-现金+7-9月已除息分配)/份额，负债现金取自2026-06-30；扣除基金管理人+ABS管理人+托管费（2025年计提额，按剩余期限线性递减）；未扣所得税（估值现金流为税前，SPV股东借款/债务结构大体可抵税，实际税负可能使IRR略偏高）；未计营运资金/应付项目等非有息负债；逐年CF×现值系数与表内现值全部勾稽一致；评估值=现值和-期初营运资金30,084.33+期末可回收价值现值8,137.43",中航首钢生物质封闭式基础设施证券投资基金2025年度评估报告 http://static.cninfo.com.cn/finalpage/2026-03-31/1225055541.PDF 评估报告PDF p63（横排表）,,7.442,,9.715,1.6509,579.1,577.5
508059.SH,华泰三峡新能源REIT,能源,8.175,2026-09-29,akshare fund_etf_hist_sina(sh508059) close,500000000,基金合同生效公告,0.0,8.175,n/a,0,0.01582,招募说明书 附资产评估说明 资产组税前净现金流（基准日2025-12-31）,2025-12-31,2045-11-24,19.164,19.16,11.4492,0.049633,4.963,,,7.497,6.42,1.5252,1.4673,1.8533,1.667,2026-09-29,343.8,329.6,311.0,,,,,,medium,no_balance_sheet_net_debt_assumed_0,EV口径：资产组税前现金流（估值原值）对应企业价值；EV=收盘价+(合并口径有息负债-现金+7-9月已除息分配)/份额，负债现金取自无（按0）；扣除基金管理人+ABS管理人+托管费（2025年计提额，按剩余期限线性递减）；未扣所得税（估值现金流为税前，SPV股东借款/债务结构大体可抵税，实际税负可能使IRR略偏高）；未计营运资金/应付项目等非有息负债；2026-2027营运资金大额回收（国补应收回款）推高前两年现金流；期末资产无偿移交,华泰三峡清洁能源封闭式基础设施证券投资基金招募说明书 https://www.sse.com.cn/disclosure/fund/announcement/c/new/2026-06-12/508059_20260612_EKKI.pdf 招募说明书 PDF p1240-1241（评估说明第39-40页）,,4.657,,7.66,1.5344,312.3,299.0
508020.SH,东方红隧道股份高速公路REIT,高速公路,5.29,2026-09-29,akshare fund_etf_hist_sina(sh508020) close,1000000000,2026Q2季报,-0.1001,5.1899,2026-06-30,0,0.00567,招募说明书 表3-1-15 未来年度税前经营性净现金流量（基准日2025-09-30）,2025-09-30,2039-04-15,12.548,12.41,6.433,0.036361,3.636,,,6.263,5.762,1.4594,1.4337,1.7188,1.667,2026-09-29,217.7,196.9,191.7,,,,,,medium,,EV口径：资产组税前现金流（估值原值）对应企业价值；EV=收盘价+(合并口径有息负债-现金+7-9月已除息分配)/份额，负债现金取自2026-06-30；扣除基金管理人+ABS管理人+托管费（2025年计提额，按剩余期限线性递减）；未扣所得税（估值现金流为税前，SPV股东借款/债务结构大体可抵税，实际税负可能使IRR略偏高）；未计营运资金/应付项目等非有息负债；表中未单列期末回收项,东方红隧道股份高速公路封闭式基础设施基金招募说明书 https://www.sse.com.cn/disclosure/fund/announcement/c/new/2026-03-20/508020_20260320_A016.pdf 招募说明书 PDF p267-268（正文页码266-267）,,2.966,,6.38,1.4653,150.1,129.9
508087.SH,国泰海通济南能源供热REIT,市政环保,10.361,2026-09-29,akshare fund_etf_hist_sina(sh508087) close,200000000,2026Q2季报,-0.2108,10.1502,2026-06-30,0.27727,0.01495,2025年度评估报告 资产组未来年度收益预测及现金流表：税前自由现金流,2025-12-31,2052-03-31,25.518,25.39,15.7482,0.038057,3.806,,,12.788,10.745,1.7237,1.6821,1.9824,1.667,2026-09-29,208.2,213.9,182.3,10.86,7.9816,6.215,2.83,338.5,high,gap_vs_disclosed>150bp,EV口径：资产组税前现金流（估值原值）对应企业价值；EV=收盘价+(合并口径有息负债-现金+7-9月已除息分配)/份额，负债现金取自2026-06-30；扣除基金管理人+ABS管理人+托管费（2025年计提额，按剩余期限线性递减）；未扣所得税（估值现金流为税前，SPV股东借款/债务结构大体可抵税，实际税负可能使IRR略偏高）；未计营运资金/应付项目等非有息负债；评估不考虑期末不动产回收价值,国泰海通济南能源供热封闭式基础设施证券投资基金2025年度评估报告 https://www.sse.com.cn/disclosure/fund/announcement/c/new/2026-03-27/508087_20260327_IUGF.pdf 评估报告PDF p49-50（报告页码第47-48页）,,3.598,,12.861,1.7251,187.3,193.1
508093.SH,易方达广西北投高速REIT,高速公路,8.23,2026-09-29,akshare fund_etf_hist_sina(sh508093) close,300000000,基金募集情况/合同生效公告 https://www.sse.com.cn/disclosure/fund/announcement/c/new/2026-05-08/ (508093_20260508_OTFM.pdf),0.0,8.23,n/a,0.2699,0.01733,招募说明书 资产评估 未来净现金流量预测表：净现金流量（基准日2025-12-31）,2025-12-31,2043-08-18,16.893,16.58,13.8789,0.068272,6.827,,,8.796,7.038,1.5988,1.4991,1.8071,1.667,2026-09-29,522.8,516.0,502.0,,,,,,medium,no_balance_sheet_net_debt_assumed_0,"EV口径：资产组税前现金流（估值原值）对应企业价值；EV=收盘价+(合并口径有息负债-现金+7-9月已除息分配)/份额，负债现金取自无（按0）；扣除基金管理人+ABS管理人+托管费（2025年计提额，按剩余期限线性递减）；未扣所得税（估值现金流为税前，SPV股东借款/债务结构大体可抵税，实际税负可能使IRR略偏高）；未计营运资金/应付项目等非有息负债；2043年1-8月列已含营运资金回收-1,596.77；2029年起改扩建相关收入下降",易方达广西北投高速公路封闭式基础设施证券投资基金招募说明书 https://www.sse.com.cn/disclosure/fund/announcement/c/new/2026-04-17/508093_20260417_8G7P.pdf 招募说明书 PDF p349-351,,6.602,,8.907,1.6051,499.7,493.5
180701.SZ,银华绍兴原水水利REIT,市政环保,3.885,2026-09-29,akshare fund_etf_hist_sina(sz180701) close,600000000,2026Q2季报,-0.0823,3.8027,2026-06-30,0,0.00599,2025年度评估报告 现金流现值预测明细表：现金流量（息税折旧摊销前利润总额-资本性支出-营运资金增加，税前）,2025-12-31,2052-11-30,26.186,25.73,5.7338,0.035599,3.56,,,12.74,10.757,1.7227,1.6824,1.996,1.667,2026-09-29,183.7,189.3,156.4,3.783,3.6774,3.896,3.23,66.6,high,,EV口径：资产组税前现金流（估值原值）对应企业价值；EV=收盘价+(合并口径有息负债-现金+7-9月已除息分配)/份额，负债现金取自2026-06-30；扣除基金管理人+ABS管理人+托管费（2025年计提额，按剩余期限线性递减）；未扣所得税（估值现金流为税前，SPV股东借款/债务结构大体可抵税，实际税负可能使IRR略偏高）；未计营运资金/应付项目等非有息负债；折现率7.44%；抽查2026/2029/2033/2039/2045/2048/2052年CF×系数与现值一致；无期末回收项,银华绍兴原水水利封闭式基础设施证券投资基金2025年度资产评估报告 http://static.cninfo.com.cn/finalpage/2026-03-28/1225045281.PDF 评估报告PDF p41-43（文字层为OCR，逐年经CF×折现系数=现值勾稽）,,3.363,,12.809,1.7241,163.9,169.6
