open,high,low,close,volume,thscode,time,thsname_cn,thsname_en,currency
26222.2186,26349.2076,25749.8765,26037.0348,10252428,000932.SH,2021-06-21,,,CNY
26112.6731,26198.2844,25892.4605,26184.7569,10932780,000932.SH,2021-06-22,,,CNY
26208.5992,26211.9605,25758.1648,25822.9945,10066275,000932.SH,2021-06-23,,,CNY
25788.101,25979.7636,25429.5437,25863.0971,8268587,000932.SH,2021-06-24,,,CNY
25824.5169,26404.8494,25709.7067,26329.8092,8301624,000932.SH,2021-06-25,,,CNY
26454.2774,26752.3462,26438.5104,26746.6023,11934279,000932.SH,2021-06-28,,,CNY
26732.6141,26732.6141,26235.9449,26352.4306,10202819,000932.SH,2021-06-29,,,CNY
26319.0461,26575.5625,26266.9772,26374.6322,6644542,000932.SH,2021-06-30,,,CNY
26402.7009,26572.194,26055.3374,26572.194,7787202,000932.SH,2021-07-01,,,CNY
26365.2315,26365.2315,25769.8656,25794.4189,8497718,000932.SH,2021-07-02,,,CNY
25640.9679,25890.2431,25442.0907,25641.2593,8993706,000932.SH,2021-07-05,,,CNY
25621.483,25647.2941,24959.8823,25509.2338,9990759,000932.SH,2021-07-06,,,CNY
25454.3922,25678.9355,25406.8406,25592.0781,8231677,000932.SH,2021-07-07,,,CNY
25587.259,25619.1821,25047.0458,25114.285,9404080,000932.SH,2021-07-08,,,CNY
25060.8533,25066.9628,24370.7127,24597.7948,7664934,000932.SH,2021-07-09,,,CNY
24666.1448,24905.5958,24204.9983,24823.3795,9741892,000932.SH,2021-07-12,,,CNY
25011.854,25412.7738,24947.8666,25329.8627,8756500,000932.SH,2021-07-13,,,CNY
25222.1107,25501.8696,24993.2432,25364.5514,8926469,000932.SH,2021-07-14,,,CNY
25376.65,25786.9621,25284.9603,25745.2836,11212158,000932.SH,2021-07-15,,,CNY
25758.7452,25781.5364,25216.5,25269.4155,8754409,000932.SH,2021-07-16,,,CNY
25094.4397,25303.1212,24830.4928,25260.2954,10851324,000932.SH,2021-07-19,,,CNY
25164.5757,25373.2727,25112.7489,25286.8234,7758111,000932.SH,2021-07-20,,,CNY
25314.5096,25578.9344,25003.6052,25141.0868,8264593,000932.SH,2021-07-21,,,CNY
25135.4831,25322.6502,24828.9056,24872.5316,7518798,000932.SH,2021-07-22,,,CNY
24802.4508,24802.4508,24233.8927,24314.839,10537125,000932.SH,2021-07-23,,,CNY
24116.8552,24116.8552,22855.7183,23110.8321,12175369,000932.SH,2021-07-26,,,CNY
23020.5039,23163.1526,22179.9704,22224.2721,11530073,000932.SH,2021-07-27,,,CNY
21973.2178,22344.2711,21481.8707,22245.2788,11848751,000932.SH,2021-07-28,,,CNY
22659.0328,22776.8984,22049.4715,22137.2681,11746194,000932.SH,2021-07-29,,,CNY
21946.23,21946.23,21255.7683,21485.6616,11973382,000932.SH,2021-07-30,,,CNY
21142.0811,22533.3361,20973.7356,22465.9088,15731479,000932.SH,2021-08-02,,,CNY
22265.967,22829.2431,22082.0966,22777.9716,11578174,000932.SH,2021-08-03,,,CNY
22721.9021,22792.4535,22347.0343,22425.4777,9333044,000932.SH,2021-08-04,,,CNY
22105.1113,22672.4851,21911.198,22260.3068,11373927,000932.SH,2021-08-05,,,CNY
22143.2672,22210.9229,21834.3259,22158.8977,9441079,000932.SH,2021-08-06,,,CNY
22048.3943,22981.605,22048.3943,22844.6889,13931561,000932.SH,2021-08-09,,,CNY
22895.3629,23805.8239,22602.2134,23753.1301,13936509,000932.SH,2021-08-10,,,CNY
23519.0192,23782.7162,23317.6981,23362.6213,10482685,000932.SH,2021-08-11,,,CNY
23340.3665,23509.9076,22893.8098,22934.5396,9890111,000932.SH,2021-08-12,,,CNY
22878.916,23118.6872,22779.269,23015.3561,9542373,000932.SH,2021-08-13,,,CNY
22957.8642,23193.5439,22842.6756,23106.6092,9521885,000932.SH,2021-08-16,,,CNY
23042.6177,23068.7106,22173.7237,22203.0378,10241436,000932.SH,2021-08-17,,,CNY
22152.3723,22360.3489,21877.8607,22225.5935,8276123,000932.SH,2021-08-18,,,CNY
22120.7424,22359.8497,21834.1502,21902.429,7811217,000932.SH,2021-08-19,,,CNY
21414.0864,21504.1447,20731.2275,20930.6327,9854897,000932.SH,2021-08-20,,,CNY
20984.55,21294.9723,20819.4719,21141.8814,8406596,000932.SH,2021-08-23,,,CNY
21228.5563,21641.0698,21066.2567,21538.8922,7889820,000932.SH,2021-08-24,,,CNY
21617.5482,22018.8607,21617.5482,21849.2455,9112632,000932.SH,2021-08-25,,,CNY
21823.8994,21823.8994,21177.6611,21215.3445,8731221,000932.SH,2021-08-26,,,CNY
21147.9972,21648.4388,21111.5405,21170.6081,7418363,000932.SH,2021-08-27,,,CNY
21332.4929,21382.3806,20774.0412,21157.93,10632807,000932.SH,2021-08-30,,,CNY
21054.4154,21322.8834,20756.5769,20868.6534,10786528,000932.SH,2021-08-31,,,CNY
20758.1487,21691.5752,20409.0869,21486.2228,12030322,000932.SH,2021-09-01,,,CNY
21462.6317,21546.7037,21058.602,21144.365,9445635,000932.SH,2021-09-02,,,CNY
20978.2193,21568.6786,20717.5892,21454.4601,12740947,000932.SH,2021-09-03,,,CNY
21344.0889,22157.7174,21246.9805,21997.7544,11884665,000932.SH,2021-09-06,,,CNY
21923.1767,22141.4146,21789.979,22055.0514,9868041,000932.SH,2021-09-07,,,CNY
22032.2833,22105.2698,21696.1347,21789.0207,11103328,000932.SH,2021-09-08,,,CNY
21764.1504,21938.1176,21605.2163,21741.4155,10734738,000932.SH,2021-09-09,,,CNY
21767.9282,22170.7679,21696.1591,22018.1909,10186291,000932.SH,2021-09-10,,,CNY
21919.6848,22114.8339,21611.3709,21754.3059,10128352,000932.SH,2021-09-13,,,CNY
21822.7994,22036.5179,21535.9794,21571.8638,9169714,000932.SH,2021-09-14,,,CNY
21443.5906,21444.509,21028.2442,21117.8221,8591021,000932.SH,2021-09-15,,,CNY
21045.4416,21584.2092,20930.9723,21369.3223,15283716,000932.SH,2021-09-16,,,CNY
21280.4836,21985.0466,21121.8693,21857.1283,12446536,000932.SH,2021-09-17,,,CNY
21511.4964,21611.4761,21198.6986,21305.264,8317449,000932.SH,2021-09-22,,,CNY
21335.6526,21751.6018,21259.4986,21579.3658,10877865,000932.SH,2021-09-23,,,CNY
21560.227,22418.0418,21560.227,22212.8702,15365080,000932.SH,2021-09-24,,,CNY
22503.9362,23673.9004,22503.9362,23320.7826,18705212,000932.SH,2021-09-27,,,CNY
23168.2296,23340.8926,22596.7895,23136.0034,11907556,000932.SH,2021-09-28,,,CNY
23075.0064,23347.8912,22653.8513,23219.3001,12432781,000932.SH,2021-09-29,,,CNY
23171.1747,23593.4244,23153.954,23353.5224,11205666,000932.SH,2021-09-30,,,CNY
23408.4499,24382.9344,23200.1595,24117.6235,18332287,000932.SH,2021-10-08,,,CNY
24175.9388,24589.8443,23922.6976,24096.2769,20908856,000932.SH,2021-10-11,,,CNY
24000.4657,24213.074,23665.5761,24061.9609,18006860,000932.SH,2021-10-12,,,CNY
24129.243,24888.8272,23958.4162,24656.2067,15379469,000932.SH,2021-10-13,,,CNY
24575.7986,24796.5438,24156.8386,24441.3983,13229929,000932.SH,2021-10-14,,,CNY
24098.6978,24720.8739,24074.3615,24306.2881,18906688,000932.SH,2021-10-15,,,CNY
23985.1559,23985.1559,23165.3612,23434.6472,17452334,000932.SH,2021-10-18,,,CNY
23318.213,24110.3105,23318.213,24079.3953,20279940,000932.SH,2021-10-19,,,CNY
24187.3231,24364.8407,23849.2524,24022.7131,15647158,000932.SH,2021-10-20,,,CNY
24035.0641,24174.8865,23782.0868,23970.4961,12285265,000932.SH,2021-10-21,,,CNY
24080.416,24526.3458,23942.1871,24330.9243,13053322,000932.SH,2021-10-22,,,CNY
24398.012,24509.8452,24065.1076,24248.0729,12953058,000932.SH,2021-10-25,,,CNY
24181.0847,24376.2656,23981.436,24136.0987,12072500,000932.SH,2021-10-26,,,CNY
24016.4973,24085.9812,23694.1608,23845.0545,13521673,000932.SH,2021-10-27,,,CNY
23883.1228,24209.4041,23714.2391,23994.8155,12629139,000932.SH,2021-10-28,,,CNY
24173.2295,24571.8407,24173.2295,24473.5835,14901561,000932.SH,2021-10-29,,,CNY
24072.0041,24513.9981,23757.4852,24272.7093,15927995,000932.SH,2021-11-01,,,CNY
24192.8947,24536.5248,24071.2171,24354.3509,17021814,000932.SH,2021-11-02,,,CNY
24371.8795,24593.4884,24289.9888,24312.6758,19608207,000932.SH,2021-11-03,,,CNY
24403.3277,25128.2412,24361.1781,24992.6204,20001173,000932.SH,2021-11-04,,,CNY
24965.2483,25256.3207,24857.6853,24883.9737,15901192,000932.SH,2021-11-05,,,CNY
24834.5257,24920.1422,24631.2285,24704.0295,11754512,000932.SH,2021-11-08,,,CNY
24688.22,24864.995,24490.2222,24576.1255,13156483,000932.SH,2021-11-09,,,CNY
24502.0097,24575.4252,23940.1275,24129.257,12188403,000932.SH,2021-11-10,,,CNY
24140.636,24338.618,24010.8609,24268.8531,11265284,000932.SH,2021-11-11,,,CNY
24328.4629,24413.4938,24111.8401,24144.7706,11481665,000932.SH,2021-11-12,,,CNY
24255.5171,24471.5367,24112.8159,24337.0885,14795378,000932.SH,2021-11-15,,,CNY
24393.2969,24890.4924,24356.5505,24721.4922,12969255,000932.SH,2021-11-16,,,CNY
24615.3417,24669.7542,24355.813,24543.9332,10999188,000932.SH,2021-11-17,,,CNY
24491.0238,24598.9926,24273.5823,24490.1713,10701259,000932.SH,2021-11-18,,,CNY
24429.7078,24799.216,24404.1799,24630.1176,11829622,000932.SH,2021-11-19,,,CNY
24630.2312,24969.7221,24600.8395,24623.2917,13283551,000932.SH,2021-11-22,,,CNY
24538.3188,24840.6254,24471.4386,24569.9795,11844220,000932.SH,2021-11-23,,,CNY
24601.478,24987.9302,24598.3324,24765.6656,13477095,000932.SH,2021-11-24,,,CNY
24905.9337,25051.1513,24634.1525,24712.3413,9223735,000932.SH,2021-11-25,,,CNY
24688.5684,24700.6861,24435.7372,24522.7917,9037628,000932.SH,2021-11-26,,,CNY
24351.3038,24636.8546,24349.541,24636.798,9909599,000932.SH,2021-11-29,,,CNY
24662.0385,24662.0385,24144.5249,24207.7836,9953484,000932.SH,2021-11-30,,,CNY
24332.1533,24411.0898,24125.9447,24261.1907,8143798,000932.SH,2021-12-01,,,CNY
24303.2129,24483.9639,24242.4612,24362.3932,8347612,000932.SH,2021-12-02,,,CNY
24361.8886,25054.0128,24361.8886,24991.9907,10437085,000932.SH,2021-12-03,,,CNY
25020.9771,25027.4921,24706.7044,24751.8594,9435115,000932.SH,2021-12-06,,,CNY
24779.8236,25082.2504,24743.3215,24846.9822,10821511,000932.SH,2021-12-07,,,CNY
24879.2595,25547.9764,24767.564,25522.3503,11743884,000932.SH,2021-12-08,,,CNY
25578.3454,26234.8546,25505.3054,25914.6455,13796955,000932.SH,2021-12-09,,,CNY
25788.0282,25965.6734,25620.4335,25883.1084,13218276,000932.SH,2021-12-10,,,CNY
26099.3833,26443.2675,25954.1614,25985.7339,10545605,000932.SH,2021-12-13,,,CNY
25888.9972,26226.2635,25776.5878,26009.0188,8418827,000932.SH,2021-12-14,,,CNY
25911.9575,25945.9822,25533.727,25608.7742,7387623,000932.SH,2021-12-15,,,CNY
25512.2431,25527.8952,24992.317,25399.0246,8498286,000932.SH,2021-12-16,,,CNY
25300.3474,25300.8392,24868.2634,24917.3396,7559944,000932.SH,2021-12-17,,,CNY
24842.9824,25166.045,24836.3818,24940.2703,8947690,000932.SH,2021-12-20,,,CNY
24932.3034,25093.596,24734.1726,24943.482,7753074,000932.SH,2021-12-21,,,CNY
24979.8333,25186.8504,24929.6683,25124.7144,9256927,000932.SH,2021-12-22,,,CNY
25188.7074,25573.307,25072.5107,25572.7548,10767849,000932.SH,2021-12-23,,,CNY
25562.1612,26014.1998,25562.1612,25987.8897,10443277,000932.SH,2021-12-24,,,CNY
25959.4452,26107.4731,25687.961,25906.0669,10080081,000932.SH,2021-12-27,,,CNY
25891.1797,26114.7634,25804.7043,25922.4328,8707419,000932.SH,2021-12-28,,,CNY
25969.6283,25988.2442,25046.2019,25052.7259,8676765,000932.SH,2021-12-29,,,CNY
25072.358,25345.98,25018.288,25245.7498,6535656,000932.SH,2021-12-30,,,CNY
25231.3662,25268.2877,25006.537,25216.0733,8295443,000932.SH,2021-12-31,,,CNY
25203.4864,25488.5814,25013.8922,25447.4318,14752437,000932.SH,2022-01-04,,,CNY
25396.9362,25736.7657,25338.5427,25431.6613,13953398,000932.SH,2022-01-05,,,CNY
25354.1365,25419.1712,24769.351,25014.5721,9981734,000932.SH,2022-01-06,,,CNY
24983.4484,25089.1214,24624.2911,24653.1164,10224103,000932.SH,2022-01-07,,,CNY
24446.0275,24896.3698,24256.1687,24856.6244,12733542,000932.SH,2022-01-10,,,CNY
24772.2068,24813.976,24320.398,24347.2073,9680592,000932.SH,2022-01-11,,,CNY
24388.3566,24546.6489,24318.6611,24538.8392,8839971,000932.SH,2022-01-12,,,CNY
24534.5689,24579.1349,23800.1059,23816.0051,9123008,000932.SH,2022-01-13,,,CNY
23744.5154,23979.7774,23571.9143,23584.6679,8579665,000932.SH,2022-01-14,,,CNY
23583.1302,23734.5007,23291.5004,23704.0121,7929945,000932.SH,2022-01-17,,,CNY
23710.5042,23983.8963,23580.4302,23928.9982,8009373,000932.SH,2022-01-18,,,CNY
23991.0516,23991.0516,23609.7876,23759.1688,7058065,000932.SH,2022-01-19,,,CNY
23767.9279,24279.0562,23744.1657,24196.7659,9652389,000932.SH,2022-01-20,,,CNY
24080.5211,24372.9416,23943.676,24212.5861,8089853,000932.SH,2022-01-21,,,CNY
24025.6301,24320.1867,23877.1094,23977.9809,6394207,000932.SH,2022-01-24,,,CNY
23882.5735,23997.3599,23415.7625,23415.7625,7454560,000932.SH,2022-01-25,,,CNY
23425.707,23754.9112,23265.4722,23663.1277,6187614,000932.SH,2022-01-26,,,CNY
23712.2433,23965.4465,23258.2935,23275.9877,6290462,000932.SH,2022-01-27,,,CNY
23359.3964,23531.3869,23014.514,23046.7236,6856799,000932.SH,2022-01-28,,,CNY
23305.7363,23437.3534,23009.8263,23142.9596,7764122,000932.SH,2022-02-07,,,CNY
23104.8834,23104.8834,22462.3184,22866.4417,6525061,000932.SH,2022-02-08,,,CNY
22813.6478,23678.994,22813.6478,23624.4119,10939375,000932.SH,2022-02-09,,,CNY
23613.3292,23830.4108,23529.8351,23775.8109,11138901,000932.SH,2022-02-10,,,CNY
23710.2814,23993.3176,23559.6649,23600.7222,9652328,000932.SH,2022-02-11,,,CNY
23471.6971,23820.9717,23457.4766,23683.6153,8864368,000932.SH,2022-02-14,,,CNY
23701.4209,23951.7407,23644.5325,23870.1724,7018873,000932.SH,2022-02-15,,,CNY
23912.5074,23958.0454,23729.5203,23886.2922,5873903,000932.SH,2022-02-16,,,CNY
23893.5581,23938.8639,23708.8034,23868.6156,6463711,000932.SH,2022-02-17,,,CNY
23745.8331,24012.906,23650.1345,24010.2273,5935520,000932.SH,2022-02-18,,,CNY
23957.206,24200.4189,23880.6928,23991.1065,6832745,000932.SH,2022-02-21,,,CNY
23842.4904,23847.4584,23371.7247,23541.6175,6450132,000932.SH,2022-02-22,,,CNY
23637.2583,23701.5104,23369.0997,23520.1414,8111844,000932.SH,2022-02-23,,,CNY
23371.6884,23448.9924,22680.4147,22894.6905,10831229,000932.SH,2022-02-24,,,CNY
23021.2594,23279.9964,23011.1957,23090.8117,6892323,000932.SH,2022-02-25,,,CNY
23017.8616,23105.3143,22774.3112,23105.3143,6178271,000932.SH,2022-02-28,,,CNY
23203.6773,23707.3726,23203.6773,23696.9727,10062464,000932.SH,2022-03-01,,,CNY
23531.29,23567.2097,23341.6634,23489.2128,9495152,000932.SH,2022-03-02,,,CNY
23496.5376,23541.9333,23017.8379,23019.7708,8189049,000932.SH,2022-03-03,,,CNY
22860.2869,23142.6723,22768.4056,22926.6433,9077858,000932.SH,2022-03-04,,,CNY
22813.5353,22813.5908,21925.5752,22017.6541,9712152,000932.SH,2022-03-07,,,CNY
22232.9034,22428.1714,21526.2363,21588.9843,9947696,000932.SH,2022-03-08,,,CNY
21626.5482,21943.6981,20664.2563,21464.6955,10706100,000932.SH,2022-03-09,,,CNY
22004.277,22099.3169,21843.9472,21948.0988,7751973,000932.SH,2022-03-10,,,CNY
21677.5475,22133.8806,21510.4436,22096.2973,10259060,000932.SH,2022-03-11,,,CNY
21762.3648,21762.3648,21133.4976,21133.4976,8073296,000932.SH,2022-03-14,,,CNY
20794.3494,20915.0469,20003.4015,20007.143,10428026,000932.SH,2022-03-15,,,CNY
20305.9047,20678.4851,19540.2318,20603.5055,9955127,000932.SH,2022-03-16,,,CNY
20911.0926,21544.0604,20905.3766,21227.0801,9100575,000932.SH,2022-03-17,,,CNY
21122.0554,21458.3559,21004.1356,21327.7813,7565074,000932.SH,2022-03-18,,,CNY
21442.8544,21539.8832,21177.9192,21346.6986,10466108,000932.SH,2022-03-21,,,CNY
21374.1565,21507.3389,21255.1542,21325.5326,9563780,000932.SH,2022-03-22,,,CNY
21380.052,21581.3357,21253.1167,21457.5629,7581718,000932.SH,2022-03-23,,,CNY
21306.6431,21308.6638,21046.3978,21137.4601,6824521,000932.SH,2022-03-24,,,CNY
21175.5616,21314.404,20768.099,20788.0744,10871041,000932.SH,2022-03-25,,,CNY
20471.3353,20565.7036,20161.7798,20444.4827,11451908,000932.SH,2022-03-28,,,CNY
20419.9361,20700.9728,20419.6204,20478.2941,12308453,000932.SH,2022-03-29,,,CNY
20596.8278,21117.1904,20559.6647,21117.1904,11660159,000932.SH,2022-03-30,,,CNY
21011.2808,21152.2113,20903.8897,20971.993,8829416,000932.SH,2022-03-31,,,CNY
20956.6435,21511.2536,20888.6329,21302.0697,9163867,000932.SH,2022-04-01,,,CNY
21109.0707,21335.8934,20940.7182,21062.0153,9184163,000932.SH,2022-04-06,,,CNY
20935.213,21174.9693,20737.6838,20807.8079,8655937,000932.SH,2022-04-07,,,CNY
20834.2235,20876.9492,20607.6691,20694.1406,8058675,000932.SH,2022-04-08,,,CNY
20606.603,20621.5858,20233.5634,20336.0321,12765128,000932.SH,2022-04-11,,,CNY
20382.5428,21125.1995,20333.8673,21124.6011,10359333,000932.SH,2022-04-12,,,CNY
20951.5923,21205.0149,20881.1023,20932.5197,9693358,000932.SH,2022-04-13,,,CNY
21071.0887,21859.8843,20945.2447,21701.9739,10659570,000932.SH,2022-04-14,,,CNY
21542.2333,21825.9985,21406.2573,21618.1863,9067317,000932.SH,2022-04-15,,,CNY
21470.7987,21756.4379,21394.0345,21754.7041,10055929,000932.SH,2022-04-18,,,CNY
21799.4116,22049.4787,21599.8472,21722.7281,13102884,000932.SH,2022-04-19,,,CNY
21693.2818,22199.2424,21505.7339,21838.5056,12801672,000932.SH,2022-04-20,,,CNY
21693.644,21966.3143,21304.8831,21392.1877,12170152,000932.SH,2022-04-21,,,CNY
21233.9272,21507.7844,20941.3542,21329.8766,10132709,000932.SH,2022-04-22,,,CNY
20998.2052,21311.7626,20457.2141,20463.8355,11350233,000932.SH,2022-04-25,,,CNY
20515.4701,21074.4371,20454.3184,20630.8768,10636135,000932.SH,2022-04-26,,,CNY
20611.8599,21172.226,20588.9399,21172.226,11275147,000932.SH,2022-04-27,,,CNY
21064.5807,21303.1393,20948.9303,21217.4563,9450849,000932.SH,2022-04-28,,,CNY
21343.63,21412.8459,20926.6993,21191.9207,12018223,000932.SH,2022-04-29,,,CNY
21203.268,21572.0117,21158.7241,21239.4957,10114859,000932.SH,2022-05-05,,,CNY
20895.9251,20895.9251,20532.9989,20633.9802,7351000,000932.SH,2022-05-06,,,CNY
20462.6445,20653.0605,20282.297,20506.3331,7192464,000932.SH,2022-05-09,,,CNY
20226.7805,20814.1955,20123.3862,20777.681,8589901,000932.SH,2022-05-10,,,CNY
20744.2181,21076.9699,20705.1126,20856.1511,9807179,000932.SH,2022-05-11,,,CNY
20742.4035,21108.0697,20651.2788,20885.8874,7413347,000932.SH,2022-05-12,,,CNY
20978.4473,21051.8673,20647.2923,20795.0266,7198303,000932.SH,2022-05-13,,,CNY
20904.6781,20925.992,20555.4926,20686.2417,11461832,000932.SH,2022-05-16,,,CNY
20701.9723,20771.6509,20585.6277,20734.0457,8217010,000932.SH,2022-05-17,,,CNY
20721.9657,20729.2685,20389.5405,20626.7976,7145420,000932.SH,2022-05-18,,,CNY
20329.2133,20437.2168,20266.4366,20388.4493,7883134,000932.SH,2022-05-19,,,CNY
20449.8332,20972.1148,20447.4853,20972.1148,9272859,000932.SH,2022-05-20,,,CNY
20959.5872,20994.7586,20742.8389,20815.8033,9806379,000932.SH,2022-05-23,,,CNY
20815.5496,20831.3994,20415.8406,20423.3672,9279336,000932.SH,2022-05-24,,,CNY
20428.4143,20545.8536,20311.4773,20531.5886,8274084,000932.SH,2022-05-25,,,CNY
20531.3292,20652.1391,20274.6306,20503.1605,7211853,000932.SH,2022-05-26,,,CNY
20629.9389,20857.8164,20436.4691,20525.056,6816897,000932.SH,2022-05-27,,,CNY
20678.7858,21004.666,20678.7858,20913.65,9230915,000932.SH,2022-05-30,,,CNY
20886.8317,21537.7662,20772.16,21499.8355,13034542,000932.SH,2022-05-31,,,CNY
21439.7804,21439.7804,21117.9508,21244.4077,9469065,000932.SH,2022-06-01,,,CNY
21119.7863,21172.2624,21008.9383,21099.9399,7562861,000932.SH,2022-06-02,,,CNY
21078.4915,21274.2476,20741.1262,21274.2476,9755532,000932.SH,2022-06-06,,,CNY
21229.7141,21720.0869,21162.7681,21578.8726,10001370,000932.SH,2022-06-07,,,CNY
21592.7563,22064.8391,21527.7238,21862.0618,9853652,000932.SH,2022-06-08,,,CNY
21879.8108,22003.1745,21597.0556,21644.9751,12255227,000932.SH,2022-06-09,,,CNY
21520.643,21887.9434,21442.1937,21855.6013,11781684,000932.SH,2022-06-10,,,CNY
21660.2042,21832.0546,21518.9002,21678.1031,10498689,000932.SH,2022-06-13,,,CNY
21476.4231,21979.9342,21453.9516,21973.4985,11505339,000932.SH,2022-06-14,,,CNY
21966.9941,22431.3597,21893.494,22148.4742,11738397,000932.SH,2022-06-15,,,CNY
22222.319,22497.0814,22165.9037,22264.8854,11806506,000932.SH,2022-06-16,,,CNY
22126.5602,22594.7639,22126.5602,22573.7667,9574685,000932.SH,2022-06-17,,,CNY
22654.7556,22997.9199,22507.6972,22801.9264,9457528,000932.SH,2022-06-20,,,CNY
22758.1717,22978.5091,22549.2834,22704.0259,8410833,000932.SH,2022-06-21,,,CNY
22733.9335,22758.4186,22511.4787,22543.3637,8578553,000932.SH,2022-06-22,,,CNY
22578.14,22744.0468,22405.4912,22721.7792,6953945,000932.SH,2022-06-23,,,CNY
22782.1935,23087.1493,22678.8405,22999.4233,8217943,000932.SH,2022-06-24,,,CNY
23146.954,23828.3211,23146.954,23663.224,10228764,000932.SH,2022-06-27,,,CNY
23681.9991,23802.9167,23539.3508,23763.9365,9101338,000932.SH,2022-06-28,,,CNY
23681.7804,23727.2713,23240.8243,23326.6278,11029129,000932.SH,2022-06-29,,,CNY
23348.3517,24165.3387,23348.3517,23940.5976,10101027,000932.SH,2022-06-30,,,CNY
23964.0688,24042.6765,23597.9826,23805.0398,7941695,000932.SH,2022-07-01,,,CNY
23796.7708,24171.014,23648.8252,24169.5415,13905489,000932.SH,2022-07-04,,,CNY
24240.7123,24339.7774,23696.9782,24030.9944,12668548,000932.SH,2022-07-05,,,CNY
23855.4943,23918.9409,23340.7875,23498.2512,9110288,000932.SH,2022-07-06,,,CNY
23498.7822,23619.6942,23147.531,23452.5043,9376909,000932.SH,2022-07-07,,,CNY
23600.0261,23722.1549,23391.1363,23527.6849,7802111,000932.SH,2022-07-08,,,CNY
23365.132,23458.8498,23059.9726,23298.9454,8953554,000932.SH,2022-07-11,,,CNY
23268.9472,23392.7658,22900.8341,23034.3105,8031125,000932.SH,2022-07-12,,,CNY
23051.8337,23267.709,22959.5449,23121.4233,7444769,000932.SH,2022-07-13,,,CNY
23054.9925,23168.1622,22856.6025,22967.7325,6469529,000932.SH,2022-07-14,,,CNY
22882.3583,23383.2664,22817.0447,22846.8912,7513126,000932.SH,2022-07-15,,,CNY
22823.864,22915.8903,22374.2336,22805.5165,6410590,000932.SH,2022-07-18,,,CNY
22740.5846,22896.3273,22539.6919,22830.0347,6115302,000932.SH,2022-07-19,,,CNY
22945.9885,23136.2684,22832.7684,22929.1292,6358057,000932.SH,2022-07-20,,,CNY
22861.7386,22949.4507,22733.8816,22744.5452,5088131,000932.SH,2022-07-21,,,CNY
22764.9681,22906.7903,22479.556,22624.4757,5135013,000932.SH,2022-07-22,,,CNY
22618.6426,22756.6883,22426.3467,22728.399,5053982,000932.SH,2022-07-25,,,CNY
22795.6419,23074.5481,22795.6419,22916.2504,4778757,000932.SH,2022-07-26,,,CNY
22839.9943,22870.4382,22652.7218,22695.9361,4786686,000932.SH,2022-07-27,,,CNY
22780.9419,22927.2354,22610.8775,22628.3528,5645562,000932.SH,2022-07-28,,,CNY
22560.5311,22660.0179,22159.2835,22266.2256,7538783,000932.SH,2022-07-29,,,CNY
22261.4161,22502.3951,22162.5058,22378.0483,6383016,000932.SH,2022-08-01,,,CNY
22172.4963,22367.4513,21960.0956,22087.999,8103134,000932.SH,2022-08-02,,,CNY
22138.6521,22327.2172,21893.016,21910.4258,5958317,000932.SH,2022-08-03,,,CNY
21995.5717,22249.9129,21957.6923,22229.7451,5037959,000932.SH,2022-08-04,,,CNY
22333.2311,22455.5713,22178.7728,22433.5421,5472240,000932.SH,2022-08-05,,,CNY
22353.1196,22581.803,22251.1174,22281.8576,5072491,000932.SH,2022-08-08,,,CNY
22225.2227,22225.2227,22008.3313,22125.4481,5696590,000932.SH,2022-08-09,,,CNY
22101.4662,22192.8393,21658.5546,21789.2558,4851193,000932.SH,2022-08-10,,,CNY
21886.8792,22148.2282,21808.4842,22148.2282,5225452,000932.SH,2022-08-11,,,CNY
22141.2039,22344.4841,22045.7884,22295.6736,4333620,000932.SH,2022-08-12,,,CNY
22209.8253,22328.8645,22015.7256,22084.415,5927273,000932.SH,2022-08-15,,,CNY
22091.6472,22185.3807,21989.6677,22093.2153,6112398,000932.SH,2022-08-16,,,CNY
22127.6454,22265.1318,21914.2515,22218.0388,5721844,000932.SH,2022-08-17,,,CNY
22112.3623,22115.2815,21791.8666,21849.3697,5308042,000932.SH,2022-08-18,,,CNY
21761.8084,22170.3114,21749.8738,21984.3512,6830098,000932.SH,2022-08-19,,,CNY
21898.9247,22206.8197,21898.9247,22107.6623,6516790,000932.SH,2022-08-22,,,CNY
22102.4948,22142.8803,21871.1313,21913.4176,7302478,000932.SH,2022-08-23,,,CNY
21907.904,22018.7168,21771.6069,21787.6523,9666666,000932.SH,2022-08-24,,,CNY
21849.768,22186.1512,21840.8326,22185.5862,9189558,000932.SH,2022-08-25,,,CNY
22316.4331,22652.0321,22316.3678,22425.5794,10197573,000932.SH,2022-08-26,,,CNY
22365.0445,22567.7968,22146.3378,22200.9194,9539132,000932.SH,2022-08-29,,,CNY
22174.679,22187.9728,21905.6733,22180.9943,8213180,000932.SH,2022-08-30,,,CNY
22058.6811,22571.055,22052.8159,22369.3683,9279594,000932.SH,2022-08-31,,,CNY
22266.4159,22335.5366,22049.5252,22061.2853,7595282,000932.SH,2022-09-01,,,CNY
22107.0064,22110.616,21722.7449,21826.3099,7171893,000932.SH,2022-09-02,,,CNY
21707.0659,21707.2544,21321.4207,21521.2371,7247330,000932.SH,2022-09-05,,,CNY
21553.4583,21672.5325,21419.8802,21581.6948,6426538,000932.SH,2022-09-06,,,CNY
21477.7947,21477.7947,21237.0261,21285.4977,6790451,000932.SH,2022-09-07,,,CNY
21318.1388,21525.4085,21240.2722,21256.6597,5984262,000932.SH,2022-09-08,,,CNY
21318.9125,21532.1383,21186.6823,21505.5969,5575376,000932.SH,2022-09-09,,,CNY
21676.6479,21955.002,21538.3565,21842.4449,7579964,000932.SH,2022-09-13,,,CNY
21602.1881,21766.7516,21559.333,21691.3807,5152941,000932.SH,2022-09-14,,,CNY
21687.5355,21909.4704,21546.7797,21680.9342,6698937,000932.SH,2022-09-15,,,CNY
21615.6499,21753.6383,21267.169,21267.169,6307670,000932.SH,2022-09-16,,,CNY
21269.0259,21687.4455,21170.6984,21454.9448,6056054,000932.SH,2022-09-19,,,CNY
21531.351,21648.2262,21319.0599,21556.0916,5436910,000932.SH,2022-09-20,,,CNY
21501.9972,21572.3764,21213.2978,21236.3073,5670853,000932.SH,2022-09-21,,,CNY
21094.6091,21218.6794,20938.5213,20956.8645,4887529,000932.SH,2022-09-22,,,CNY
20919.7068,21127.6643,20759.475,20992.9283,6280948,000932.SH,2022-09-23,,,CNY
20853.7017,21385.3378,20846.1187,21115.1802,6171661,000932.SH,2022-09-26,,,CNY
21160.4865,21805.2349,20995.9982,21770.3068,6683334,000932.SH,2022-09-27,,,CNY
21703.7527,21982.6373,21645.4431,21687.7329,6005461,000932.SH,2022-09-28,,,CNY
21887.6053,22020.9797,21529.137,21646.3931,5600593,000932.SH,2022-09-29,,,CNY
21742.3031,21881.9409,21541.8678,21594.8756,4558864,000932.SH,2022-09-30,,,CNY
21627.1576,21663.8179,20955.3544,20997.6681,7785580,000932.SH,2022-10-10,,,CNY
21012.1563,21101.8006,20698.6061,21021.1481,5669118,000932.SH,2022-10-11,,,CNY
21010.9677,21012.986,20454.1733,21012.986,6605375,000932.SH,2022-10-12,,,CNY
20873.9065,21118.9838,20709.8357,20920.6075,7681865,000932.SH,2022-10-13,,,CNY
21005.0508,21297.5546,20962.9442,21201.7534,7353558,000932.SH,2022-10-14,,,CNY
21090.9792,21090.9792,20871.9842,21065.5961,6628606,000932.SH,2022-10-17,,,CNY
21093.6146,21280.3413,20900.8093,20968.5453,6083627,000932.SH,2022-10-18,,,CNY
20876.8485,20911.2557,20280.4572,20305.2042,6470273,000932.SH,2022-10-19,,,CNY
20136.2285,20555.5583,20051.8661,20247.7468,6235277,000932.SH,2022-10-20,,,CNY
20171.8065,20239.0671,19905.3415,20036.3111,5189417,000932.SH,2022-10-21,,,CNY
19794.7286,19873.5139,19030.0347,19091.4009,9293467,000932.SH,2022-10-24,,,CNY
18948.109,19324.3465,18921.014,19060.6884,7229463,000932.SH,2022-10-25,,,CNY
19106.7589,19382.4639,18809.8234,18915.1079,9039025,000932.SH,2022-10-26,,,CNY
18878.8315,18925.7434,18346.9572,18368.6051,8325416,000932.SH,2022-10-27,,,CNY
18171.3908,18290.7539,17867.9255,17907.9861,9618401,000932.SH,2022-10-28,,,CNY
17678.9761,17892.3547,17457.6444,17692.6609,8285302,000932.SH,2022-10-31,,,CNY
17806.7141,18716.1411,17806.7141,18707.6078,9485052,000932.SH,2022-11-01,,,CNY
18623.8649,19264.9247,18556.3516,19029.8226,8951243,000932.SH,2022-11-02,,,CNY
18804.3402,18876.994,18633.933,18794.3853,6303073,000932.SH,2022-11-03,,,CNY
18757.2349,19700.9368,18757.2349,19540.3509,8910602,000932.SH,2022-11-04,,,CNY
19388.4793,19753.678,19306.9984,19660.5743,7776544,000932.SH,2022-11-07,,,CNY
19645.6351,19783.5614,19224.9904,19371.105,6577981,000932.SH,2022-11-08,,,CNY
19321.3331,19424.1469,19035.0703,19079.2782,4957718,000932.SH,2022-11-09,,,CNY
18957.4349,19326.1794,18923.3492,19286.9233,5700200,000932.SH,2022-11-10,,,CNY
19829.5702,19906.2744,19450.5975,19729.6271,9164665,000932.SH,2022-11-11,,,CNY
19846.086,20053.32,19561.3588,19607.9028,8082076,000932.SH,2022-11-14,,,CNY
19595.5759,20086.5558,19497.9342,19942.807,7350546,000932.SH,2022-11-15,,,CNY
19883.2171,20170.2779,19812.4774,19950.6055,6274739,000932.SH,2022-11-16,,,CNY
19895.4745,20024.6459,19702.3896,19853.8893,6576592,000932.SH,2022-11-17,,,CNY
19891.6519,19989.7988,19758.5227,19807.7321,6224206,000932.SH,2022-11-18,,,CNY
19558.4749,19558.4749,19229.172,19457.4994,5942867,000932.SH,2022-11-21,,,CNY
19453.2786,19706.7395,19343.6237,19411.1919,5059035,000932.SH,2022-11-22,,,CNY
19355.3259,19406.9848,19222.6682,19287.3906,5081827,000932.SH,2022-11-23,,,CNY
19367.1514,19456.3426,19115.8641,19154.0218,3984509,000932.SH,2022-11-24,,,CNY
19148.1486,19259.1544,18995.8791,19171.18,3783408,000932.SH,2022-11-25,,,CNY
18799.4125,19174.3145,18561.5991,19145.0167,5662415,000932.SH,2022-11-28,,,CNY
19379.1066,19805.4643,19348.2272,19779.4123,7025292,000932.SH,2022-11-29,,,CNY
19704.8525,19933.5858,19663.8755,19782.3774,6885714,000932.SH,2022-11-30,,,CNY
20347.5668,20660.7267,20319.294,20354.2438,9332250,000932.SH,2022-12-01,,,CNY
20329.3962,20601.273,20266.631,20432.1503,8099075,000932.SH,2022-12-02,,,CNY
20778.5132,20889.6432,20652.1405,20727.2677,9274892,000932.SH,2022-12-05,,,CNY
20658.2187,21582.4999,20635.7297,21211.1484,8810926,000932.SH,2022-12-06,,,CNY
21178.2208,21602.761,21066.9043,21287.6536,8248012,000932.SH,2022-12-07,,,CNY
21228.7186,21256.0415,21047.9027,21138.4713,7492654,000932.SH,2022-12-08,,,CNY
21138.4935,21556.972,20957.7194,21551.6029,8883505,000932.SH,2022-12-09,,,CNY
21409.611,21608.4011,21256.4441,21293.5299,7368913,000932.SH,2022-12-12,,,CNY
21289.4793,21624.8869,21138.9884,21515.1137,8653506,000932.SH,2022-12-13,,,CNY
21476.2486,22004.748,21361.0452,21922.5988,7610274,000932.SH,2022-12-14,,,CNY
22003.3832,22089.3971,21633.9989,21704.1403,6757435,000932.SH,2022-12-15,,,CNY
21584.2706,21792.4337,21502.0149,21790.5919,5894261,000932.SH,2022-12-16,,,CNY
21774.4415,21860.2938,21425.5077,21494.4654,7779282,000932.SH,2022-12-19,,,CNY
21436.5738,21457.7213,20653.9035,20814.1602,7495280,000932.SH,2022-12-20,,,CNY
20948.8794,21187.915,20927.384,21069.7596,5715745,000932.SH,2022-12-21,,,CNY
21225.5885,21690.7624,21156.2446,21405.9843,7783137,000932.SH,2022-12-22,,,CNY
21266.8042,21686.8309,21180.3446,21499.0103,5487124,000932.SH,2022-12-23,,,CNY
21560.1824,21589.6076,21256.7712,21308.4823,6257396,000932.SH,2022-12-26,,,CNY
21416.8668,21769.2149,21348.3239,21651.171,7829769,000932.SH,2022-12-27,,,CNY
21601.0592,21650.8454,21437.9934,21549.6146,7150313,000932.SH,2022-12-28,,,CNY
21414.6255,21448.2811,21224.4711,21384.6194,5087967,000932.SH,2022-12-29,,,CNY
21471.6369,21652.9231,21397.4874,21573.1508,5467904,000932.SH,2022-12-30,,,CNY
21538.3341,21568.6616,21056.6525,21231.8301,6891653,000932.SH,2023-01-03,,,CNY
21199.7019,21364.2173,21104.4851,21245.4866,5714849,000932.SH,2023-01-04,,,CNY
21399.2324,22010.2894,21376.853,21937.1815,8268422,000932.SH,2023-01-05,,,CNY
21956.6279,21984.1989,21704.0158,21891.8072,6721249,000932.SH,2023-01-06,,,CNY
21990.4596,22326.1155,21809.0628,22270.4877,7715331,000932.SH,2023-01-09,,,CNY
22242.013,22453.091,22132.0609,22372.7549,6947955,000932.SH,2023-01-10,,,CNY
22359.8681,22417.6471,22139.6591,22263.8541,6564396,000932.SH,2023-01-11,,,CNY
22306.5937,22376.8778,22080.4094,22132.1275,4957190,000932.SH,2023-01-12,,,CNY
22159.1903,22762.4137,22159.1903,22749.5078,7208062,000932.SH,2023-01-13,,,CNY
22839.283,23467.9207,22831.5389,23224.9966,9603684,000932.SH,2023-01-16,,,CNY
23236.422,23245.5515,22897.0812,23014.1595,6611100,000932.SH,2023-01-17,,,CNY
23038.9511,23218.1964,22700.1923,22739.3109,6026738,000932.SH,2023-01-18,,,CNY
22735.9709,22735.9709,22471.7686,22681.3026,4903349,000932.SH,2023-01-19,,,CNY
22797.5437,22973.0689,22615.3311,22658.0173,6026412,000932.SH,2023-01-20,,,CNY
23070.2206,23074.7194,22804.2214,22870.1231,8529201,000932.SH,2023-01-30,,,CNY
22935.68,23065.461,22429.5799,22459.4455,7886745,000932.SH,2023-01-31,,,CNY
22503.3839,22634.3928,22262.2917,22628.608,8054842,000932.SH,2023-02-01,,,CNY
22688.388,22841.7999,22494.9046,22750.1161,8288703,000932.SH,2023-02-02,,,CNY
22609.7718,22609.7718,22295.6657,22498.1664,7056430,000932.SH,2023-02-03,,,CNY
22147.913,22263.7189,21890.1583,22181.6169,6604659,000932.SH,2023-02-06,,,CNY
22262.3867,22332.458,22069.0812,22143.2816,5912601,000932.SH,2023-02-07,,,CNY
22170.1521,22213.3106,21926.0605,21967.2175,5078352,000932.SH,2023-02-08,,,CNY
21954.7221,22419.1961,21941.5789,22397.31,5510354,000932.SH,2023-02-09,,,CNY
22387.2607,22534.2612,22279.0155,22420.3963,5968448,000932.SH,2023-02-10,,,CNY
22401.8521,23045.4024,22401.8521,22939.6775,8473447,000932.SH,2023-02-13,,,CNY
22968.7479,23061.5815,22776.3386,22843.9914,9846414,000932.SH,2023-02-14,,,CNY
22862.9409,22937.6637,22638.5723,22701.6849,6530063,000932.SH,2023-02-15,,,CNY
22686.8353,23024.9859,22515.6785,22652.7218,8134388,000932.SH,2023-02-16,,,CNY
22584.3261,22972.7224,22512.1399,22532.5796,6361201,000932.SH,2023-02-17,,,CNY
22566.894,22948.4241,22356.947,22917.0331,6931343,000932.SH,2023-02-20,,,CNY
22899.8243,22939.491,22679.3814,22835.5545,6685044,000932.SH,2023-02-21,,,CNY
22739.2161,23007.1391,22699.974,22798.9772,6851957,000932.SH,2023-02-22,,,CNY
22767.3858,22924.1572,22513.8506,22638.9016,6009047,000932.SH,2023-02-23,,,CNY
22578.1895,22578.603,22261.2257,22385.7785,5138982,000932.SH,2023-02-24,,,CNY
22290.9907,22609.7063,22215.3889,22528.4323,5799582,000932.SH,2023-02-27,,,CNY
22595.048,22675.2234,22380.897,22569.2921,5125474,000932.SH,2023-02-28,,,CNY
22574.453,22801.7908,22440.628,22757.1523,5245971,000932.SH,2023-03-01,,,CNY
22698.0634,22771.0061,22648.819,22689.9862,4963233,000932.SH,2023-03-02,,,CNY
22769.9855,22894.8243,22456.3568,22587.6655,5295880,000932.SH,2023-03-03,,,CNY
22542.4954,22671.7788,22374.4081,22542.8723,7438853,000932.SH,2023-03-06,,,CNY
22504.9454,22504.9454,22048.199,22052.8573,8233806,000932.SH,2023-03-07,,,CNY
21965.1409,22047.5599,21823.962,21904.138,4857733,000932.SH,2023-03-08,,,CNY
21920.8589,21959.4821,21568.0455,21746.4644,5144769,000932.SH,2023-03-09,,,CNY
21599.8137,21789.4656,21479.3791,21491.6534,5977264,000932.SH,2023-03-10,,,CNY
21504.0635,21874.0349,21504.0635,21854.178,5701470,000932.SH,2023-03-13,,,CNY
21860.2569,21958.4054,21664.2352,21848.0979,7485846,000932.SH,2023-03-14,,,CNY
22034.4011,22079.2939,21677.3026,21679.3196,5516029,000932.SH,2023-03-15,,,CNY
21613.831,21836.5557,21504.2054,21532.3687,5774215,000932.SH,2023-03-16,,,CNY
21727.8141,21727.8141,21246.5175,21305.7238,5789188,000932.SH,2023-03-17,,,CNY
21307.8874,21307.8874,20956.9252,21034.4645,6104272,000932.SH,2023-03-20,,,CNY
21099.9824,21529.4252,21032.6983,21468.9154,5111755,000932.SH,2023-03-21,,,CNY
21498.1361,21683.1616,21389.647,21427.57,4446587,000932.SH,2023-03-22,,,CNY
21370.3035,21673.8111,21332.3581,21546.3158,4523863,000932.SH,2023-03-23,,,CNY
21513.1668,21726.2125,21484.0779,21585.8166,4266741,000932.SH,2023-03-24,,,CNY
21603.931,21603.931,21365.1291,21484.0364,5284028,000932.SH,2023-03-27,,,CNY
21499.5972,21861.4067,21497.594,21765.7363,5067181,000932.SH,2023-03-28,,,CNY
21881.524,21920.3516,21686.8812,21795.5723,5496152,000932.SH,2023-03-29,,,CNY
21808.2935,22091.547,21745.0514,22053.7299,5270935,000932.SH,2023-03-30,,,CNY
22215.8979,22442.9824,22099.9082,22112.8254,8402988,000932.SH,2023-03-31,,,CNY
22084.9004,22250.2714,22000.0981,22048.4096,8067942,000932.SH,2023-04-03,,,CNY
22094.6591,22296.9914,22017.1207,22289.8339,8636318,000932.SH,2023-04-04,,,CNY
22217.0785,22283.7547,21896.1338,21960.2034,6725177,000932.SH,2023-04-06,,,CNY
21897.2825,22046.4645,21806.2288,21837.772,5560293,000932.SH,2023-04-07,,,CNY
21739.2753,21739.2753,21321.2285,21617.8324,6455280,000932.SH,2023-04-10,,,CNY
21594.8484,21600.5584,21293.1593,21329.7437,6780508,000932.SH,2023-04-11,,,CNY
21355.1996,21355.1996,20860.5728,20894.3032,6666335,000932.SH,2023-04-12,,,CNY
20860.6521,21064.5988,20761.5769,20993.1414,5427803,000932.SH,2023-04-13,,,CNY
21040.7361,21081.2207,20756.6119,20787.6921,5458901,000932.SH,2023-04-14,,,CNY
20866.2131,21108.6488,20866.2131,21019.9851,6424636,000932.SH,2023-04-17,,,CNY
21020.4577,21196.6776,20990.7243,21110.27,5989691,000932.SH,2023-04-18,,,CNY
21117.2972,21117.6376,20911.5556,20966.8543,5115019,000932.SH,2023-04-19,,,CNY
20965.2786,20984.6906,20657.5249,20726.2311,5306942,000932.SH,2023-04-20,,,CNY
20767.6871,20902.8196,20576.4293,20591.3679,6114901,000932.SH,2023-04-21,,,CNY
20578.2947,20581.2723,20155.0509,20219.1421,6023965,000932.SH,2023-04-24,,,CNY
20289.7486,20476.3611,20171.3018,20472.4127,6850885,000932.SH,2023-04-25,,,CNY
20421.4806,20505.7239,20258.8532,20429.4884,6125560,000932.SH,2023-04-26,,,CNY
20410.5061,20639.9314,20312.5125,20540.3009,6538524,000932.SH,2023-04-27,,,CNY
20709.9734,20877.7234,20637.7905,20761.5048,7836447,000932.SH,2023-04-28,,,CNY
20859.2295,20964.1107,20509.3115,20581.6391,8181868,000932.SH,2023-05-04,,,CNY
20596.459,20664.3739,20430.9219,20648.2331,5994538,000932.SH,2023-05-05,,,CNY
20699.2038,20722.5228,20419.5384,20453.1188,6585148,000932.SH,2023-05-08,,,CNY
20404.0598,20673.8396,20278.8313,20457.8594,6423936,000932.SH,2023-05-09,,,CNY
20416.4996,20426.8084,20254.4847,20327.4163,4855810,000932.SH,2023-05-10,,,CNY
20380.4597,20501.5431,20248.6176,20266.8952,4602456,000932.SH,2023-05-11,,,CNY
20239.2118,20444.3728,20123.2183,20127.1624,4910845,000932.SH,2023-05-12,,,CNY
20091.2874,20256.0099,19992.2155,20256.0099,5406747,000932.SH,2023-05-15,,,CNY
20265.7621,20265.7621,20058.3459,20118.3573,4087653,000932.SH,2023-05-16,,,CNY
20094.6073,20117.4066,19874.3007,19924.0808,3673101,000932.SH,2023-05-17,,,CNY
19922.689,20000.2937,19648.9808,19709.537,5097470,000932.SH,2023-05-18,,,CNY
19638.6194,19937.2263,19497.1198,19885.5834,4911420,000932.SH,2023-05-19,,,CNY
19809.9833,20373.1523,19694.9781,20298.4168,6077384,000932.SH,2023-05-22,,,CNY
20274.1375,20327.7447,20048.7831,20048.7831,4969991,000932.SH,2023-05-23,,,CNY
20012.4671,20012.4671,19782.5363,19782.5363,4254915,000932.SH,2023-05-24,,,CNY
19696.8803,19735.9378,19480.939,19605.0221,4795077,000932.SH,2023-05-25,,,CNY
19618.7199,19723.9767,19438.409,19576.4937,3360540,000932.SH,2023-05-26,,,CNY
19592.2483,19676.3266,19258.9391,19396.1763,4450549,000932.SH,2023-05-29,,,CNY
19391.5219,19436.688,19014.0797,19204.6859,4555567,000932.SH,2023-05-30,,,CNY
19152.2546,19152.2546,18761.9603,18840.3408,4526311,000932.SH,2023-05-31,,,CNY
18807.2203,19282.2009,18796.1897,18947.0089,4467318,000932.SH,2023-06-01,,,CNY
19020.4247,19328.1041,18924.2312,19302.5066,4280769,000932.SH,2023-06-02,,,CNY
19269.0044,19269.2686,18955.2675,19022.4241,3897935,000932.SH,2023-06-05,,,CNY
19046.6621,19235.7509,18907.0624,18977.7356,3894924,000932.SH,2023-06-06,,,CNY
19016.8411,19098.9629,18785.253,18810.3952,3539272,000932.SH,2023-06-07,,,CNY
18816.6128,19083.4883,18765.6069,19017.9384,5461742,000932.SH,2023-06-08,,,CNY
19035.9163,19067.252,18926.4433,18970.3243,6058447,000932.SH,2023-06-09,,,CNY
18936.1658,19496.3696,18898.2529,19375.6932,5469675,000932.SH,2023-06-12,,,CNY
19281.7854,19513.6088,19221.1855,19388.1689,3775173,000932.SH,2023-06-13,,,CNY
19458.0173,19803.2736,19406.5727,19657.6555,4584043,000932.SH,2023-06-14,,,CNY
19719.4229,19973.8454,19649.7905,19956.5678,4372798,000932.SH,2023-06-15,,,CNY
19995.1155,20195.259,19929.9796,20109.8191,4340814,000932.SH,2023-06-16,,,CNY
20064.0957,20154.7278,19742.5714,19787.315,4428783,000932.SH,2023-06-19,,,CNY
19764.2039,19842.9485,19587.1808,19609.7239,3217005,000932.SH,2023-06-20,,,CNY
19528.8898,19619.2493,19387.8201,19387.8201,3160741,000932.SH,2023-06-21,,,CNY
19241.5668,19241.5668,18911.7981,19043.9435,4068080,000932.SH,2023-06-26,,,CNY
19039.2801,19123.1054,18878.8345,19111.6016,3415917,000932.SH,2023-06-27,,,CNY
19070.938,19237.0024,18995.8352,19138.6618,3014456,000932.SH,2023-06-28,,,CNY
19113.215,19153.9108,18912.1565,18933.8967,3529934,000932.SH,2023-06-29,,,CNY
18935.1454,19047.8574,18846.9143,18897.2102,3830147,000932.SH,2023-06-30,,,CNY
18910.7837,19294.0032,18845.2797,19294.0032,4372785,000932.SH,2023-07-03,,,CNY
19272.3755,19374.7981,19129.6926,19363.7434,4142439,000932.SH,2023-07-04,,,CNY
19346.7171,19346.7171,18978.0313,19026.6423,3776665,000932.SH,2023-07-05,,,CNY
18967.2653,19139.8682,18839.3461,18900.2242,3963631,000932.SH,2023-07-06,,,CNY
18842.7684,19000.9467,18790.4385,18896.4778,4425644,000932.SH,2023-07-07,,,CNY
18972.9494,19146.6873,18900.3928,18960.2083,3954750,000932.SH,2023-07-10,,,CNY
19009.7856,19023.3554,18874.942,18985.7266,2960400,000932.SH,2023-07-11,,,CNY
18973.294,19107.7883,18928.2396,18996.636,3286579,000932.SH,2023-07-12,,,CNY
19064.5143,19477.5615,19064.5143,19452.3602,4336114,000932.SH,2023-07-13,,,CNY
19492.3971,19534.3726,19267.073,19345.7696,4169401,000932.SH,2023-07-14,,,CNY
19259.635,19259.635,19093.8642,19218.3049,4054665,000932.SH,2023-07-17,,,CNY
19238.4251,19242.4337,19105.921,19128.0794,3974811,000932.SH,2023-07-18,,,CNY
19054.6738,19168.6874,19011.3008,19102.7119,4134835,000932.SH,2023-07-19,,,CNY
19164.1825,19324.269,19071.3286,19098.9758,3911714,000932.SH,2023-07-20,,,CNY
19114.0299,19547.8981,19104.9443,19407.6138,4731928,000932.SH,2023-07-21,,,CNY
19294.1175,19373.0665,19118.0907,19191.62,3495004,000932.SH,2023-07-24,,,CNY
19592.1617,19823.9743,19555.6603,19754.6521,5874564,000932.SH,2023-07-25,,,CNY
19724.62,19841.0661,19658.6863,19779.8438,3512715,000932.SH,2023-07-26,,,CNY
19786.2391,20083.423,19736.1732,19917.745,4507241,000932.SH,2023-07-27,,,CNY
19844.2108,20324.5478,19800.0888,20279.5531,5538491,000932.SH,2023-07-28,,,CNY
20492.9274,20813.3247,20301.6629,20386.5428,7654502,000932.SH,2023-07-31,,,CNY
20344.0888,20508.0996,20112.9695,20176.6467,5212412,000932.SH,2023-08-01,,,CNY
20118.0715,20250.1573,19943.8985,20023.2622,3940112,000932.SH,2023-08-02,,,CNY
19984.7823,20198.6836,19900.3272,20150.0385,3521505,000932.SH,2023-08-03,,,CNY
20311.9769,20402.384,20130.1985,20165.5953,4157203,000932.SH,2023-08-04,,,CNY
20119.9681,20147.0536,19932.6108,20006.4184,4954747,000932.SH,2023-08-07,,,CNY
19951.2602,20055.8622,19828.6847,19979.4037,3805839,000932.SH,2023-08-08,,,CNY
19935.54,20028.803,19907.5359,19977.3612,3113849,000932.SH,2023-08-09,,,CNY
19933.0795,19984.7751,19806.1095,19956.1398,3018436,000932.SH,2023-08-10,,,CNY
20001.1815,20001.1815,19530.4936,19530.4936,3885595,000932.SH,2023-08-11,,,CNY
19306.3484,19314.2862,19066.6293,19305.7103,3949372,000932.SH,2023-08-14,,,CNY
19337.1071,19356.0037,19103.1146,19243.2738,2977378,000932.SH,2023-08-15,,,CNY
19175.6105,19320.8928,19138.3022,19213.3303,2668611,000932.SH,2023-08-16,,,CNY
19118.8631,19481.2331,19030.9033,19462.2079,3508200,000932.SH,2023-08-17,,,CNY
19457.7137,19477.4261,19096.7458,19096.7458,3423716,000932.SH,2023-08-18,,,CNY
19033.3518,19207.6706,18895.4664,18942.4707,3404649,000932.SH,2023-08-21,,,CNY
18997.1733,19051.1267,18680.6881,18890.2643,4269038,000932.SH,2023-08-22,,,CNY
18884.6846,18923.7014,18624.3637,18629.9805,3219362,000932.SH,2023-08-23,,,CNY
18677.4487,19070.0638,18604.2753,19005.8319,4177670,000932.SH,2023-08-24,,,CNY
18943.4307,19077.302,18914.8104,18975.4483,4664760,000932.SH,2023-08-25,,,CNY
19766.0605,19784.6414,18843.1055,18909.2341,7413832,000932.SH,2023-08-28,,,CNY
18819.9823,19228.4922,18772.2384,19157.099,6016254,000932.SH,2023-08-29,,,CNY
19184.5621,19282.9326,19064.8702,19089.8994,4170041,000932.SH,2023-08-30,,,CNY
19090.614,19090.614,18957.2126,18984.6739,4099088,000932.SH,2023-08-31,,,CNY
19100.6676,19307.9057,19100.6676,19229.9251,4768583,000932.SH,2023-09-01,,,CNY
19355.563,19662.2645,19334.1522,19596.622,6747378,000932.SH,2023-09-04,,,CNY
19544.2987,19568.7696,19381.0109,19413.2786,4240678,000932.SH,2023-09-05,,,CNY
19370.4947,19431.695,19299.4217,19380.5283,3094565,000932.SH,2023-09-06,,,CNY
19328.4052,19338.1759,19105.0522,19126.1893,3783611,000932.SH,2023-09-07,,,CNY
19065.7028,19102.6067,18940.5932,19011.5854,2867241,000932.SH,2023-09-08,,,CNY
18967.512,19270.899,18945.217,19182.2379,3891890,000932.SH,2023-09-11,,,CNY
19161.1892,19284.7347,19103.5509,19219.1895,3393812,000932.SH,2023-09-12,,,CNY
19259.1854,19364.8398,19082.4163,19181.6654,3168308,000932.SH,2023-09-13,,,CNY
19195.7332,19230.8358,18997.7274,19093.6086,2877797,000932.SH,2023-09-14,,,CNY
19113.9051,19182.7807,18890.1642,18916.5989,3575861,000932.SH,2023-09-15,,,CNY
18853.9775,19094.9886,18782.3863,19087.3027,3519017,000932.SH,2023-09-18,,,CNY
19057.0774,19057.0774,18872.7263,19033.9083,4152351,000932.SH,2023-09-19,,,CNY
18995.4207,19066.2393,18954.5537,19002.6556,4152047,000932.SH,2023-09-20,,,CNY
18964.9005,18967.5992,18656.187,18656.187,3864869,000932.SH,2023-09-21,,,CNY
18649.4896,19024.6322,18589.0888,19007.4836,3813936,000932.SH,2023-09-22,,,CNY
19019.4178,19019.4178,18887.3589,18916.5583,3451983,000932.SH,2023-09-25,,,CNY
18881.6399,18967.3228,18771.2329,18783.7634,2760889,000932.SH,2023-09-26,,,CNY
18797.1999,18984.2896,18747.5013,18790.7569,3202312,000932.SH,2023-09-27,,,CNY
18832.7391,18866.0099,18531.5264,18542.7669,3881165,000932.SH,2023-09-28,,,CNY
18516.1865,18516.1865,18183.851,18400.7945,4365070,000932.SH,2023-10-09,,,CNY
18508.4516,18664.7049,18346.6093,18362.5751,3718038,000932.SH,2023-10-10,,,CNY
18463.6758,18512.7638,18357.8202,18400.6329,3663027,000932.SH,2023-10-11,,,CNY
18556.2289,18558.4072,18345.6152,18429.8688,3413004,000932.SH,2023-10-12,,,CNY
18326.9655,18328.7559,18054.2078,18138.7516,3527425,000932.SH,2023-10-13,,,CNY
18112.9941,18112.9941,17835.8398,17870.1021,3709540,000932.SH,2023-10-16,,,CNY
17908.2898,17956.4964,17758.1585,17930.8204,3170980,000932.SH,2023-10-17,,,CNY
17906.4879,18078.1001,17864.6319,17887.6078,6529848,000932.SH,2023-10-18,,,CNY
17769.1841,17769.1841,17312.5121,17320.4917,9579355,000932.SH,2023-10-19,,,CNY
17256.714,17408.6502,17178.3706,17243.9309,6111515,000932.SH,2023-10-20,,,CNY
17166.508,17424.6531,17057.1657,17174.2191,5544427,000932.SH,2023-10-23,,,CNY
17182.2792,17353.1204,17061.0539,17274.9644,4962849,000932.SH,2023-10-24,,,CNY
17576.9534,17778.7979,17546.7767,17654.1231,5638829,000932.SH,2023-10-25,,,CNY
17564.8655,17789.6661,17540.5296,17773.2142,5194867,000932.SH,2023-10-26,,,CNY
17747.0038,18222.3561,17707.8252,18160.3525,6343155,000932.SH,2023-10-27,,,CNY
18135.7896,18424.5229,18135.7896,18374.6086,6786005,000932.SH,2023-10-30,,,CNY
18462.4905,18489.1134,18317.4214,18429.1312,5964457,000932.SH,2023-10-31,,,CNY
19028.0183,19028.0183,18637.1777,18640.0222,5037583,000932.SH,2023-11-01,,,CNY
18682.0308,18720.3929,18441.8963,18446.46,4256786,000932.SH,2023-11-02,,,CNY
18441.4337,18665.7154,18441.3364,18615.9501,4433645,000932.SH,2023-11-03,,,CNY
18694.3176,18701.6742,18454.7619,18589.948,5166065,000932.SH,2023-11-06,,,CNY
18545.9656,18598.8526,18419.5801,18530.3536,3947228,000932.SH,2023-11-07,,,CNY
18470.2091,18572.3143,18369.5699,18481.4344,3759503,000932.SH,2023-11-08,,,CNY
18438.2943,18554.3393,18413.8207,18495.1674,3194848,000932.SH,2023-11-09,,,CNY
18413.5456,18442.3962,18295.9871,18368.3342,3027869,000932.SH,2023-11-10,,,CNY
18375.837,18394.4688,18119.5699,18245.3464,3490232,000932.SH,2023-11-13,,,CNY
18250.4603,18408.8181,18188.5983,18260.0506,3535365,000932.SH,2023-11-14,,,CNY
18399.4883,18421.1832,18292.4582,18354.5319,3306190,000932.SH,2023-11-15,,,CNY
18334.7751,18388.8612,18172.7032,18179.0668,3004264,000932.SH,2023-11-16,,,CNY
18113.7908,18164.835,17998.3553,18083.7911,2880815,000932.SH,2023-11-17,,,CNY
18074.7013,18299.1969,18010.8505,18232.2368,4156128,000932.SH,2023-11-20,,,CNY
18311.1859,18522.3144,18213.6074,18420.3646,4359178,000932.SH,2023-11-21,,,CNY
18343.3254,18432.2708,18325.9536,18326.9639,3413411,000932.SH,2023-11-22,,,CNY
18289.3733,18340.5783,18176.9148,18325.451,3163943,000932.SH,2023-11-23,,,CNY
18315.231,18390.4561,18269.6095,18344.4822,4025420,000932.SH,2023-11-24,,,CNY
18324.6001,18324.6001,18066.8847,18175.1747,5094829,000932.SH,2023-11-27,,,CNY
18159.4318,18227.0445,18070.5878,18156.3243,3803336,000932.SH,2023-11-28,,,CNY
18135.1028,18150.1266,17982.0926,18105.132,3909908,000932.SH,2023-11-29,,,CNY
18123.2555,18247.6364,18056.8673,18226.6293,3687427,000932.SH,2023-11-30,,,CNY
18198.0949,18198.0949,17845.0112,17959.2008,5062583,000932.SH,2023-12-01,,,CNY
17928.0972,17928.0972,17777.3221,17808.4173,5824517,000932.SH,2023-12-04,,,CNY
17775.5601,17811.4643,17497.5441,17497.5441,4484813,000932.SH,2023-12-05,,,CNY
17447.8722,17724.2688,17414.2887,17615.8536,4781219,000932.SH,2023-12-06,,,CNY
17574.5936,17638.1751,17424.0378,17570.7672,4444049,000932.SH,2023-12-07,,,CNY
17566.3403,17662.2036,17513.8365,17529.9386,5614677,000932.SH,2023-12-08,,,CNY
17319.3674,17499.6108,17059.751,17438.4706,5363678,000932.SH,2023-12-11,,,CNY
17387.048,17521.4976,17340.4867,17507.9485,3287280,000932.SH,2023-12-12,,,CNY
17478.5463,17478.5463,17009.4127,17011.1207,4653416,000932.SH,2023-12-13,,,CNY
17097.2962,17117.552,16791.1481,16793.5032,4410255,000932.SH,2023-12-14,,,CNY
16849.4474,17074.0652,16782.3142,16805.5347,3904167,000932.SH,2023-12-15,,,CNY
16712.3116,16877.4593,16674.3374,16794.4222,3502529,000932.SH,2023-12-18,,,CNY
16787.3231,16837.5476,16650.7855,16760.9031,3022399,000932.SH,2023-12-19,,,CNY
16761.1089,16780.2721,16562.0765,16562.9473,2951546,000932.SH,2023-12-20,,,CNY
16494.0879,16784.7685,16494.0879,16752.8716,3981756,000932.SH,2023-12-21,,,CNY
16743.8217,16887.8472,16647.2588,16783.892,3726013,000932.SH,2023-12-22,,,CNY
16771.2619,16911.2432,16755.4603,16907.4063,3239304,000932.SH,2023-12-25,,,CNY
16888.3518,16888.3518,16729.9241,16801.2779,2548025,000932.SH,2023-12-26,,,CNY
16813.217,16955.2309,16744.7031,16932.372,3853391,000932.SH,2023-12-27,,,CNY
16956.0193,17501.9333,16920.1615,17415.7973,5285065,000932.SH,2023-12-28,,,CNY
17405.302,17529.5686,17305.515,17426.77,4622514,000932.SH,2023-12-29,,,CNY
17397.3123,17397.3123,17106.3111,17106.3111,4385233,000932.SH,2024-01-02,,,CNY
17074.6265,17186.0755,16912.8089,17000.1706,3696654,000932.SH,2024-01-03,,,CNY
16984.5348,16984.5348,16658.6437,16725.1518,3599706,000932.SH,2024-01-04,,,CNY
16689.267,16813.5175,16551.3417,16607.5734,3763855,000932.SH,2024-01-05,,,CNY
16590.7336,16626.9898,16333.479,16337.7941,4448885,000932.SH,2024-01-08,,,CNY
16337.1707,16423.6998,16214.0496,16327.2737,3696140,000932.SH,2024-01-09,,,CNY
16291.8587,16537.5743,16222.3588,16373.8576,4310004,000932.SH,2024-01-10,,,CNY
16325.8589,16586.1408,16310.7384,16482.6672,4157371,000932.SH,2024-01-11,,,CNY
16413.8305,16602.9677,16364.5122,16484.9141,3507101,000932.SH,2024-01-12,,,CNY
16425.4873,16512.609,16301.9334,16339.0159,3636002,000932.SH,2024-01-15,,,CNY
16292.5261,16443.2032,16249.8668,16416.1658,3625416,000932.SH,2024-01-16,,,CNY
16376.9433,16384.0017,15979.7623,15979.7623,3789901,000932.SH,2024-01-17,,,CNY
15934.9751,16221.7739,15697.379,16201.5794,5898882,000932.SH,2024-01-18,,,CNY
16123.4196,16309.3314,16081.2093,16225.5014,3871905,000932.SH,2024-01-19,,,CNY
16191.4703,16191.4703,15765.4421,15893.7086,5253434,000932.SH,2024-01-22,,,CNY
15847.0242,15973.7213,15713.4966,15871.1811,4331025,000932.SH,2024-01-23,,,CNY
15958.8946,15986.2951,15575.9123,15941.0101,4542075,000932.SH,2024-01-24,,,CNY
15941.8168,16209.3599,15878.5925,16209.3599,5199417,000932.SH,2024-01-25,,,CNY
16117.0979,16237.4291,16069.3403,16201.0549,4725636,000932.SH,2024-01-26,,,CNY
16208.4411,16486.5675,16200.2607,16254.5681,4802871,000932.SH,2024-01-29,,,CNY
16176.9777,16176.9777,15870.217,15870.9268,4376782,000932.SH,2024-01-30,,,CNY
15819.8803,15896.0955,15632.5975,15678.0101,5476812,000932.SH,2024-01-31,,,CNY
15647.6381,15857.6249,15586.9939,15739.177,5097089,000932.SH,2024-02-01,,,CNY
15777.5177,16079.5581,15365.0058,15694.1237,6783276,000932.SH,2024-02-02,,,CNY
15611.3781,16043.1454,15407.2959,15892.9404,8437625,000932.SH,2024-02-05,,,CNY
15817.2159,16509.7861,15795.9165,16492.5859,8898388,000932.SH,2024-02-06,,,CNY
16521.6222,16874.541,16393.1142,16874.541,10311892,000932.SH,2024-02-07,,,CNY
16897.6617,17070.2126,16689.1958,16834.2186,9514497,000932.SH,2024-02-08,,,CNY
17079.4234,17079.4234,16698.7347,16798.2259,7393752,000932.SH,2024-02-19,,,CNY
16770.3769,16844.2812,16671.4059,16799.0495,5027172,000932.SH,2024-02-20,,,CNY
16722.9075,17445.0895,16686.7627,17255.2702,6822952,000932.SH,2024-02-21,,,CNY
17194.7207,17341.7596,17138.9538,17338.2644,4722346,000932.SH,2024-02-22,,,CNY
17305.9154,17463.8221,17206.8541,17347.0111,4996295,000932.SH,2024-02-23,,,CNY
17288.3253,17384.6363,17120.9694,17155.4843,4953616,000932.SH,2024-02-26,,,CNY
17072.6491,17206.2993,17061.5513,17206.2993,5234673,000932.SH,2024-02-27,,,CNY
17194.2764,17315.1329,17060.5659,17060.5659,7174248,000932.SH,2024-02-28,,,CNY
17000.5902,17319.8008,16999.582,17319.8008,6339997,000932.SH,2024-02-29,,,CNY
17277.5953,17352.492,17130.6003,17276.3024,5124415,000932.SH,2024-03-01,,,CNY
17225.4766,17258.8639,17086.5892,17137.0532,4918199,000932.SH,2024-03-04,,,CNY
17085.8759,17400.7628,17067.8924,17378.5827,5470410,000932.SH,2024-03-05,,,CNY
17339.5721,17379.0629,17157.8375,17171.09,4283687,000932.SH,2024-03-06,,,CNY
17182.1134,17313.6173,17114.3339,17138.8024,4874594,000932.SH,2024-03-07,,,CNY
17113.5647,17205.8414,16931.1012,17040.8036,4389849,000932.SH,2024-03-08,,,CNY
17046.5588,17363.9016,17046.5588,17362.2076,5153578,000932.SH,2024-03-11,,,CNY
17377.1503,17918.0037,17363.3332,17876.1706,6977402,000932.SH,2024-03-12,,,CNY
17813.1774,17892.8741,17614.6855,17681.8327,5700639,000932.SH,2024-03-13,,,CNY
17634.2973,17846.2545,17553.0471,17615.5345,4565117,000932.SH,2024-03-14,,,CNY
17565.6657,17781.743,17561.148,17694.9669,5274021,000932.SH,2024-03-15,,,CNY
17695.0289,17751.6064,17549.8296,17750.7103,7275192,000932.SH,2024-03-18,,,CNY
17719.882,18088.254,17715.5227,17974.2591,8265130,000932.SH,2024-03-19,,,CNY
17925.0617,17998.8748,17847.0605,17942.6456,6807865,000932.SH,2024-03-20,,,CNY
17974.4724,18147.5551,17941.424,18073.0527,8466725,000932.SH,2024-03-21,,,CNY
18030.1711,18042.8731,17613.2619,17731.1737,7661791,000932.SH,2024-03-22,,,CNY
17685.8978,17723.8981,17511.4895,17589.8189,5311106,000932.SH,2024-03-25,,,CNY
17621.7642,17815.5106,17617.2646,17795.9002,5018659,000932.SH,2024-03-26,,,CNY
17749.9862,17774.2763,17574.1826,17574.1826,5391968,000932.SH,2024-03-27,,,CNY
17523.5737,17738.3608,17451.172,17529.0227,5243060,000932.SH,2024-03-28,,,CNY
17531.7153,17634.3958,17505.0948,17633.2845,4566244,000932.SH,2024-03-29,,,CNY
17683.0841,18127.0293,17683.0841,18014.145,6462935,000932.SH,2024-04-01,,,CNY
17996.0546,17996.0546,17835.7332,17888.8515,5669041,000932.SH,2024-04-02,,,CNY
17904.6329,18026.1387,17838.4303,17952.1984,5607240,000932.SH,2024-04-03,,,CNY
17829.8399,17829.8399,17479.0661,17483.2899,7595919,000932.SH,2024-04-08,,,CNY
17433.7078,17519.9004,17320.5757,17442.0411,5580115,000932.SH,2024-04-09,,,CNY
17423.3623,17452.823,17152.15,17232.5108,5037913,000932.SH,2024-04-10,,,CNY
17122.6808,17209.1036,17070.2779,17161.2428,5109429,000932.SH,2024-04-11,,,CNY
17143.3022,17264.2969,16859.2911,16877.7821,5260197,000932.SH,2024-04-12,,,CNY
16867.5985,17350.795,16867.5985,17305.4665,6216664,000932.SH,2024-04-15,,,CNY
17225.9864,17336.6708,17132.0,17162.6483,6794281,000932.SH,2024-04-16,,,CNY
17153.7189,17250.9346,17101.518,17241.5351,5774414,000932.SH,2024-04-17,,,CNY
17173.5326,17522.2328,17111.4595,17357.5137,5805538,000932.SH,2024-04-18,,,CNY
17268.7202,17298.8013,17085.8903,17200.5112,5123731,000932.SH,2024-04-19,,,CNY
17219.633,17652.6057,17212.9179,17516.2546,6243471,000932.SH,2024-04-22,,,CNY
17529.2593,17673.6244,17455.0888,17627.3953,5910591,000932.SH,2024-04-23,,,CNY
17680.3229,17680.3229,17428.8201,17622.008,5038562,000932.SH,2024-04-24,,,CNY
17575.9852,17646.0613,17478.4381,17585.7379,4274303,000932.SH,2024-04-25,,,CNY
17573.1816,17886.7144,17573.1816,17815.958,6513447,000932.SH,2024-04-26,,,CNY
17761.9652,18112.201,17716.451,17906.6656,8563745,000932.SH,2024-04-29,,,CNY
17954.3486,18155.3739,17921.0619,17929.0292,8194161,000932.SH,2024-04-30,,,CNY
18173.1238,18469.5337,18173.1238,18302.6852,9907526,000932.SH,2024-05-06,,,CNY
18306.4446,18415.5396,18181.1262,18355.5057,6945477,000932.SH,2024-05-07,,,CNY
18337.3607,18415.0379,18270.0793,18356.3114,6745085,000932.SH,2024-05-08,,,CNY
18325.5147,18456.7289,18315.4678,18430.0141,6937342,000932.SH,2024-05-09,,,CNY
18446.3662,18572.5339,18288.864,18391.7231,6122592,000932.SH,2024-05-10,,,CNY
18253.5064,18271.207,18129.2576,18241.381,6261571,000932.SH,2024-05-13,,,CNY
18218.9793,18350.4009,18158.1457,18256.5583,6142966,000932.SH,2024-05-14,,,CNY
18248.3648,18312.5618,18089.7725,18102.6851,4627792,000932.SH,2024-05-15,,,CNY
18131.39,18268.4026,17998.2355,18163.5647,5544680,000932.SH,2024-05-16,,,CNY
18144.5993,18409.8572,18135.0388,18408.6197,6336693,000932.SH,2024-05-17,,,CNY
18440.3358,18776.1077,18440.3358,18591.7739,8312697,000932.SH,2024-05-20,,,CNY
18537.524,18691.0352,18471.8412,18591.1431,6829422,000932.SH,2024-05-21,,,CNY
18592.8932,18620.1275,18362.1816,18448.7531,5841250,000932.SH,2024-05-22,,,CNY
18420.2767,18499.0593,18169.4146,18215.5972,6134515,000932.SH,2024-05-23,,,CNY
18177.9808,18255.2724,18025.619,18036.4292,5518516,000932.SH,2024-05-24,,,CNY
18047.9466,18116.7639,17974.8348,18106.7503,5365487,000932.SH,2024-05-27,,,CNY
18088.0913,18101.4624,17889.3937,17907.9028,5372296,000932.SH,2024-05-28,,,CNY
17891.82,18015.4485,17845.7901,17902.3912,4450186,000932.SH,2024-05-29,,,CNY
17877.8645,17882.0764,17645.729,17679.3896,6025346,000932.SH,2024-05-30,,,CNY
17708.7158,17772.3881,17615.2134,17615.2134,5401579,000932.SH,2024-05-31,,,CNY
17652.088,17765.7223,17577.3384,17673.7322,5966032,000932.SH,2024-06-03,,,CNY
17664.3281,17863.8023,17610.1792,17827.3369,6227320,000932.SH,2024-06-04,,,CNY
17741.2392,17781.8091,17557.1624,17563.4107,5366464,000932.SH,2024-06-05,,,CNY
17563.791,17588.1204,17376.3024,17420.7903,6295474,000932.SH,2024-06-06,,,CNY
17485.2358,17526.9027,17206.6379,17275.6346,6120658,000932.SH,2024-06-07,,,CNY
17205.3054,17206.2042,16911.4331,16981.1135,7168571,000932.SH,2024-06-11,,,CNY
16954.3922,17087.4729,16947.7488,16976.8786,5405885,000932.SH,2024-06-12,,,CNY
16961.6867,16974.0186,16628.0682,16678.5289,6748536,000932.SH,2024-06-13,,,CNY
16647.1637,16827.1484,16445.256,16806.3325,7275271,000932.SH,2024-06-14,,,CNY
16681.5336,16741.0882,16502.6763,16716.4772,4662214,000932.SH,2024-06-17,,,CNY
16719.9013,16760.7537,16464.5226,16508.2657,4557248,000932.SH,2024-06-18,,,CNY
16455.0244,16458.5273,16325.2262,16350.8627,3761210,000932.SH,2024-06-19,,,CNY
16321.2952,16387.261,16162.1441,16175.1327,4452089,000932.SH,2024-06-20,,,CNY
16147.116,16195.6206,15954.5016,16039.273,4842745,000932.SH,2024-06-21,,,CNY
15821.3647,16186.7943,15765.8079,16018.7774,5050841,000932.SH,2024-06-24,,,CNY
16017.8532,16148.7991,15930.9095,16008.6051,4351590,000932.SH,2024-06-25,,,CNY
15914.7942,16041.1447,15882.8891,16009.1925,4100429,000932.SH,2024-06-26,,,CNY
15973.9534,15979.5735,15811.9191,15889.7233,4074690,000932.SH,2024-06-27,,,CNY
15827.2125,15935.024,15681.1043,15722.7012,4675860,000932.SH,2024-06-28,,,CNY
15712.4404,15803.7738,15562.0243,15775.434,4722664,000932.SH,2024-07-01,,,CNY
15731.1457,15935.6022,15686.5301,15817.1007,4571732,000932.SH,2024-07-02,,,CNY
15813.2681,15883.2557,15695.7781,15732.5792,3628177,000932.SH,2024-07-03,,,CNY
15725.6175,15783.4935,15523.9766,15556.1294,4462892,000932.SH,2024-07-04,,,CNY
15508.5424,15590.8564,15282.1481,15453.5252,3899345,000932.SH,2024-07-05,,,CNY
15420.2988,15465.4721,15201.4056,15233.5743,4301630,000932.SH,2024-07-08,,,CNY
15208.3335,15297.5612,15011.9859,15220.9624,5174446,000932.SH,2024-07-09,,,CNY
15138.6205,15395.7407,15083.4303,15263.49,4999827,000932.SH,2024-07-10,,,CNY
15415.1198,15654.2425,15338.5759,15571.8885,5517789,000932.SH,2024-07-11,,,CNY
15564.1334,15614.6437,15407.2311,15517.8047,4810529,000932.SH,2024-07-12,,,CNY
15516.4363,15667.9419,15500.3077,15620.1329,4311415,000932.SH,2024-07-15,,,CNY
15565.3941,15720.8242,15506.6665,15619.4151,4071570,000932.SH,2024-07-16,,,CNY
15586.4759,15934.0664,15517.463,15911.3893,4846492,000932.SH,2024-07-17,,,CNY
15853.0216,16022.6483,15844.5104,15970.1129,4381562,000932.SH,2024-07-18,,,CNY
15905.9913,16190.148,15827.4662,16164.218,4630852,000932.SH,2024-07-19,,,CNY
16154.5992,16162.8618,15836.4375,15898.1324,4335799,000932.SH,2024-07-22,,,CNY
15882.6246,15898.9136,15340.3528,15340.3528,4719313,000932.SH,2024-07-23,,,CNY
15315.0371,15377.6718,15101.4616,15154.9133,4584648,000932.SH,2024-07-24,,,CNY
15103.5567,15240.0016,15088.1416,15158.0047,3828085,000932.SH,2024-07-25,,,CNY
15170.2592,15305.8736,15062.869,15165.6753,3381674,000932.SH,2024-07-26,,,CNY
15137.6956,15161.0638,14904.769,14906.9637,3718473,000932.SH,2024-07-29,,,CNY
14829.5593,14892.9599,14675.6178,14886.2725,4090912,000932.SH,2024-07-30,,,CNY
14859.2834,15406.7562,14841.2647,15358.1208,6093268,000932.SH,2024-07-31,,,CNY
15353.1242,15353.1242,15044.964,15046.9362,4551838,000932.SH,2024-08-01,,,CNY
14956.3256,15186.2756,14949.8139,15065.5413,4045213,000932.SH,2024-08-02,,,CNY
15070.9206,15427.4937,15070.9206,15181.1587,5511202,000932.SH,2024-08-05,,,CNY
15253.5505,15334.9254,15134.1373,15241.4364,4833240,000932.SH,2024-08-06,,,CNY
15227.6023,15272.4257,15103.7209,15216.1157,3860450,000932.SH,2024-08-07,,,CNY
15171.1323,15571.582,15155.8145,15438.6016,5339443,000932.SH,2024-08-08,,,CNY
15509.6793,15559.6693,15324.9038,15324.9038,3743839,000932.SH,2024-08-09,,,CNY
15282.5172,15438.7787,15254.858,15346.9949,3447725,000932.SH,2024-08-12,,,CNY
15339.5168,15346.6922,15163.0304,15238.2392,3362746,000932.SH,2024-08-13,,,CNY
15214.6969,15215.1717,14984.6098,15029.5457,3207274,000932.SH,2024-08-14,,,CNY
14988.3692,15239.6377,14988.0772,15093.6429,3787441,000932.SH,2024-08-15,,,CNY
15050.272,15055.8192,14925.7644,14977.4141,3430754,000932.SH,2024-08-16,,,CNY
14938.6723,15161.7037,14847.7585,14857.3463,4301556,000932.SH,2024-08-19,,,CNY
14854.8684,14861.9902,14610.1632,14647.0651,4313500,000932.SH,2024-08-20,,,CNY
14607.7495,14623.6848,14493.6552,14496.8731,3813530,000932.SH,2024-08-21,,,CNY
14480.4421,14518.3703,14230.8669,14320.5113,4439786,000932.SH,2024-08-22,,,CNY
14249.3595,14390.5919,14231.0624,14297.0295,3258190,000932.SH,2024-08-23,,,CNY
14295.7959,14324.0766,14129.977,14205.6169,3889915,000932.SH,2024-08-26,,,CNY
14156.7457,14170.6441,14007.9259,14069.8786,3795440,000932.SH,2024-08-27,,,CNY
13979.602,13979.8937,13739.1013,13879.9528,4160815,000932.SH,2024-08-28,,,CNY
13827.5437,14135.137,13822.1576,14081.2174,4301344,000932.SH,2024-08-29,,,CNY
13980.6742,14586.9333,13890.2254,14414.6609,7722824,000932.SH,2024-08-30,,,CNY
14318.8696,14318.9397,14012.1118,14012.1118,5719141,000932.SH,2024-09-02,,,CNY
14024.0329,14273.9954,14002.2399,14180.9995,4633519,000932.SH,2024-09-03,,,CNY
14138.4992,14255.6553,14021.2338,14023.1699,3515062,000932.SH,2024-09-04,,,CNY
14019.4327,14124.5035,14012.5099,14113.0921,3229135,000932.SH,2024-09-05,,,CNY
14109.7543,14120.4587,13937.0369,13937.7809,2797772,000932.SH,2024-09-06,,,CNY
13859.6399,13918.7555,13740.3426,13802.178,3486363,000932.SH,2024-09-09,,,CNY
13792.6748,13931.5143,13698.7687,13786.5432,3623195,000932.SH,2024-09-10,,,CNY
13725.5011,13856.1861,13625.4698,13777.4839,3166012,000932.SH,2024-09-11,,,CNY
13766.8798,13814.7,13504.2113,13504.2113,3748849,000932.SH,2024-09-12,,,CNY
13472.6434,13479.9855,13295.6724,13295.6724,4032970,000932.SH,2024-09-13,,,CNY
13266.3475,13305.4753,13067.5279,13127.2746,4214770,000932.SH,2024-09-18,,,CNY
13181.5093,13636.9482,13084.3571,13420.2557,6489990,000932.SH,2024-09-19,,,CNY
13380.8615,13406.8541,13252.7953,13373.0883,4574619,000932.SH,2024-09-20,,,CNY
13363.699,13602.7768,13337.4909,13357.4888,4308374,000932.SH,2024-09-23,,,CNY
13563.2325,14164.8758,13433.1923,14162.3289,8762999,000932.SH,2024-09-24,,,CNY
14387.9831,14597.8768,14248.3187,14262.2275,8750478,000932.SH,2024-09-25,,,CNY
14282.9918,15374.2421,14248.3423,15372.354,11455758,000932.SH,2024-09-26,,,CNY
16009.4727,16552.706,15955.4215,16518.2843,13084047,000932.SH,2024-09-27,,,CNY
17333.7413,18058.1335,17001.1985,17976.3661,21130280,000932.SH,2024-09-30,,,CNY
19841.0597,19841.0597,17718.9275,18403.4384,28412030,000932.SH,2024-10-08,,,CNY
17934.4395,17934.4395,16740.6569,16788.1974,18955206,000932.SH,2024-10-09,,,CNY
16949.1026,17587.6773,16832.767,17143.8763,14413267,000932.SH,2024-10-10,,,CNY
17008.1615,17122.9166,16501.1692,16678.6376,9046461,000932.SH,2024-10-11,,,CNY
16734.9033,16915.8828,16381.0362,16828.9494,9164225,000932.SH,2024-10-14,,,CNY
16791.3686,16812.2986,16269.0359,16270.0584,8301238,000932.SH,2024-10-15,,,CNY
16078.4376,16301.6401,15974.4989,16061.33,7259480,000932.SH,2024-10-16,,,CNY
16152.0081,16167.5634,15734.7767,15741.7792,6529981,000932.SH,2024-10-17,,,CNY
15690.2526,16509.1597,15601.5624,16207.0588,10195854,000932.SH,2024-10-18,,,CNY
16327.7088,16392.6996,16057.7324,16279.7838,9765530,000932.SH,2024-10-21,,,CNY
16240.7972,16539.3708,16218.3034,16526.5632,9161787,000932.SH,2024-10-22,,,CNY
16592.8519,16838.278,16443.3139,16701.8059,11301462,000932.SH,2024-10-23,,,CNY
16577.491,16694.2857,16401.5396,16433.2551,6913863,000932.SH,2024-10-24,,,CNY
16394.673,16714.3413,16394.673,16565.8229,8072923,000932.SH,2024-10-25,,,CNY
16603.7137,16886.6901,16450.2831,16886.6901,10957746,000932.SH,2024-10-28,,,CNY
16846.6476,17030.3452,16540.5747,16562.8768,9239577,000932.SH,2024-10-29,,,CNY
16492.0031,16620.7079,16290.4464,16441.4767,8157737,000932.SH,2024-10-30,,,CNY
16421.2462,16571.4045,16314.5992,16426.9587,9567816,000932.SH,2024-10-31,,,CNY
16376.2774,16718.6069,16369.5068,16558.8468,8781135,000932.SH,2024-11-01,,,CNY
16608.6905,16778.8167,16508.1354,16778.2415,8031187,000932.SH,2024-11-04,,,CNY
16708.8992,17101.2663,16616.3099,17094.5099,10019173,000932.SH,2024-11-05,,,CNY
17087.1374,17171.072,16885.6771,17045.7687,11314862,000932.SH,2024-11-06,,,CNY
16977.3042,18024.5755,16971.5281,18024.5755,15895895,000932.SH,2024-11-07,,,CNY
18182.9408,18212.4284,17591.8931,17681.3958,12843237,000932.SH,2024-11-08,,,CNY
17404.5706,17543.9371,17159.9013,17543.9371,9909845,000932.SH,2024-11-11,,,CNY
17514.0342,17843.8082,17324.9483,17411.9914,9972416,000932.SH,2024-11-12,,,CNY
17297.0339,17427.8313,17255.7605,17402.1646,6851162,000932.SH,2024-11-13,,,CNY
17321.5188,17439.0523,17125.6354,17145.2089,6799811,000932.SH,2024-11-14,,,CNY
17115.0626,17272.8137,16957.1768,16957.1768,6511480,000932.SH,2024-11-15,,,CNY
16954.6506,17082.849,16689.6343,16756.5644,6835245,000932.SH,2024-11-18,,,CNY
16794.8309,16905.9841,16431.8104,16742.656,5748711,000932.SH,2024-11-19,,,CNY
16718.3113,16863.5725,16632.4698,16804.0266,5440676,000932.SH,2024-11-20,,,CNY
16761.8818,16879.5927,16703.1443,16810.2551,4947324,000932.SH,2024-11-21,,,CNY
16791.2476,16826.8947,16248.7826,16248.7826,6494059,000932.SH,2024-11-22,,,CNY
16284.064,16413.59,16081.3077,16185.4108,5655861,000932.SH,2024-11-25,,,CNY
16165.4024,16440.1168,16134.8979,16289.5434,4489461,000932.SH,2024-11-26,,,CNY
16251.9333,16508.5834,16151.3556,16479.2586,4949332,000932.SH,2024-11-27,,,CNY
16449.5099,16481.6285,16275.1765,16306.3564,5099845,000932.SH,2024-11-28,,,CNY
16340.0371,16739.5106,16335.9777,16527.4477,6980150,000932.SH,2024-11-29,,,CNY
16515.1867,16734.5352,16440.9095,16680.0491,8280599,000932.SH,2024-12-02,,,CNY
16669.8951,16739.8215,16564.6378,16703.6653,7933014,000932.SH,2024-12-03,,,CNY
16650.1842,16666.8255,16491.1256,16552.9138,6510100,000932.SH,2024-12-04,,,CNY
16465.4639,16512.6045,16381.6278,16474.6803,4875083,000932.SH,2024-12-05,,,CNY
16457.3231,16718.4922,16457.3231,16604.1531,5888635,000932.SH,2024-12-06,,,CNY
16596.374,16654.1077,16430.936,16505.3313,5745105,000932.SH,2024-12-09,,,CNY
17126.5356,17258.9233,16778.3564,16808.4626,10288417,000932.SH,2024-12-10,,,CNY
16748.441,17074.9674,16748.441,16990.6944,8807206,000932.SH,2024-12-11,,,CNY
16971.3014,17363.4956,16903.6587,17343.8062,10132516,000932.SH,2024-12-12,,,CNY
17210.5073,17210.5073,16892.3334,16892.3334,10662365,000932.SH,2024-12-13,,,CNY
16909.042,16926.5513,16613.9033,16667.289,6905008,000932.SH,2024-12-16,,,CNY
16638.8514,16810.0129,16566.5584,16687.9876,6065150,000932.SH,2024-12-17,,,CNY
16705.6173,16775.3305,16630.0618,16662.1589,5631301,000932.SH,2024-12-18,,,CNY
16552.336,16564.2946,16417.4635,16495.9451,5311051,000932.SH,2024-12-19,,,CNY
16479.2807,16581.4913,16429.8977,16438.468,5040727,000932.SH,2024-12-20,,,CNY
16417.914,16519.6788,16344.8432,16353.3818,5312182,000932.SH,2024-12-23,,,CNY
16336.1451,16521.9632,16322.1055,16514.2706,4934378,000932.SH,2024-12-24,,,CNY
16521.4908,16521.4908,16363.4104,16434.0903,4027683,000932.SH,2024-12-25,,,CNY
16427.2968,16474.5989,16361.1914,16387.3228,3847300,000932.SH,2024-12-26,,,CNY
16385.5007,16518.3297,16316.7312,16470.9307,7048568,000932.SH,2024-12-27,,,CNY
16420.4496,16510.9109,16333.4039,16346.4759,6258567,000932.SH,2024-12-30,,,CNY
16329.9514,16551.7499,16256.2288,16256.2288,6498962,000932.SH,2024-12-31,,,CNY
16226.076,16265.4243,15832.273,15918.4242,6979368,000932.SH,2025-01-02,,,CNY
15928.2594,16006.0907,15685.2777,15753.8782,6034072,000932.SH,2025-01-03,,,CNY
15649.9305,15761.6508,15468.4395,15548.4258,5352406,000932.SH,2025-01-06,,,CNY
15561.2562,15616.148,15457.7427,15564.0873,4601290,000932.SH,2025-01-07,,,CNY
15542.7212,15641.7483,15319.6355,15524.6385,5426354,000932.SH,2025-01-08,,,CNY
15527.6608,15697.5784,15413.0164,15480.741,4533189,000932.SH,2025-01-09,,,CNY
15478.4398,15513.784,15280.1114,15280.1114,4393784,000932.SH,2025-01-10,,,CNY
15175.8385,15383.3124,15167.9786,15348.7071,4298113,000932.SH,2025-01-13,,,CNY
15354.4639,15688.9385,15336.1988,15641.9649,5551287,000932.SH,2025-01-14,,,CNY
15611.6155,15611.6155,15492.5462,15515.4412,4069302,000932.SH,2025-01-15,,,CNY
15552.9181,15685.7164,15353.5487,15428.5482,4570702,000932.SH,2025-01-16,,,CNY
15402.4916,15633.6524,15375.0663,15566.4508,4147987,000932.SH,2025-01-17,,,CNY
15651.0322,15780.518,15568.8001,15605.618,4723877,000932.SH,2025-01-20,,,CNY
15669.2659,15672.1784,15436.114,15513.3565,4266323,000932.SH,2025-01-21,,,CNY
15463.0486,15465.2786,15247.7296,15293.3054,3628517,000932.SH,2025-01-22,,,CNY
15380.7903,15516.7187,15289.0591,15312.2444,4622623,000932.SH,2025-01-23,,,CNY
15246.8069,15366.7381,15212.1039,15302.1071,4291819,000932.SH,2025-01-24,,,CNY
15306.0024,15435.4428,15302.7054,15313.1614,4695617,000932.SH,2025-01-27,,,CNY
15334.1689,15354.0814,15029.2198,15047.7381,5147554,000932.SH,2025-02-05,,,CNY
15022.9353,15168.1072,15005.1432,15121.2932,4804397,000932.SH,2025-02-06,,,CNY
15110.6045,15357.9179,15013.6271,15256.8371,6249027,000932.SH,2025-02-07,,,CNY
15258.4983,15260.4802,15127.0728,15227.3779,5284193,000932.SH,2025-02-10,,,CNY
15243.0124,15266.022,15085.7483,15107.7744,4895923,000932.SH,2025-02-11,,,CNY
15075.2861,15254.3239,15051.9946,15254.3239,4390784,000932.SH,2025-02-12,,,CNY
15250.9816,15706.8718,15233.9444,15598.5971,8283232,000932.SH,2025-02-13,,,CNY
15538.1539,15629.7801,15488.226,15585.9976,5782329,000932.SH,2025-02-14,,,CNY
15587.2549,15645.1681,15509.8664,15601.4637,8324063,000932.SH,2025-02-17,,,CNY
15591.2765,15683.2987,15402.8673,15444.3102,7110761,000932.SH,2025-02-18,,,CNY
15425.0739,15574.1909,15371.0824,15571.4266,7328583,000932.SH,2025-02-19,,,CNY
15529.554,15644.8827,15484.5004,15531.2437,5934715,000932.SH,2025-02-20,,,CNY
15559.2868,15729.0361,15489.8472,15563.4018,7753907,000932.SH,2025-02-21,,,CNY
15613.9727,15800.2147,15613.9727,15662.6706,11497603,000932.SH,2025-02-24,,,CNY
15550.2884,15550.2884,15377.5488,15404.0301,7499405,000932.SH,2025-02-25,,,CNY
15392.0153,15540.523,15336.6428,15540.523,6344984,000932.SH,2025-02-26,,,CNY
15531.819,15819.2462,15506.6794,15813.859,7787566,000932.SH,2025-02-27,,,CNY
15790.6967,16107.8806,15773.4336,15791.527,7739907,000932.SH,2025-02-28,,,CNY
15799.946,16017.7608,15677.7401,15738.3721,6843709,000932.SH,2025-03-03,,,CNY
15685.0057,15701.4769,15553.9784,15679.8226,5464879,000932.SH,2025-03-04,,,CNY
15706.9035,15714.1825,15559.6426,15625.1864,5211153,000932.SH,2025-03-05,,,CNY
15662.425,15866.5482,15590.1488,15831.8011,6138972,000932.SH,2025-03-06,,,CNY
15790.887,16018.5138,15723.5843,15966.8443,6350112,000932.SH,2025-03-07,,,CNY
15990.7477,15990.7477,15835.5417,15935.6851,5661111,000932.SH,2025-03-10,,,CNY
15824.7817,16284.8959,15804.3344,16284.8959,7731665,000932.SH,2025-03-11,,,CNY
16283.0586,16356.4667,16091.4634,16112.9467,5881891,000932.SH,2025-03-12,,,CNY
16111.7076,16276.0492,16065.704,16112.2371,5526079,000932.SH,2025-03-13,,,CNY
16193.6409,16778.0439,16193.6409,16742.9334,10332239,000932.SH,2025-03-14,,,CNY
16909.911,16973.6446,16662.0863,16751.6615,8232609,000932.SH,2025-03-17,,,CNY
16771.5843,16782.7884,16566.9418,16618.1891,5859576,000932.SH,2025-03-18,,,CNY
16590.4843,16682.6574,16497.6173,16546.1362,4940700,000932.SH,2025-03-19,,,CNY
16548.1971,16554.715,16310.2637,16327.4521,4779026,000932.SH,2025-03-20,,,CNY
16289.3697,16444.1897,16111.5104,16146.4566,6086986,000932.SH,2025-03-21,,,CNY
16114.6716,16200.5193,16064.777,16187.1865,5526160,000932.SH,2025-03-24,,,CNY
16196.6988,16210.1603,16037.0218,16209.8806,4869286,000932.SH,2025-03-25,,,CNY
16178.6704,16312.5794,16154.0715,16259.0562,5938677,000932.SH,2025-03-26,,,CNY
16230.2373,16423.1831,16216.8943,16398.8569,4348103,000932.SH,2025-03-27,,,CNY
16398.6838,16400.5705,16226.944,16279.7771,3745031,000932.SH,2025-03-28,,,CNY
16235.0357,16331.7765,16084.3158,16126.9927,4732916,000932.SH,2025-03-31,,,CNY
16140.5807,16316.0971,16127.8407,16217.9041,4281168,000932.SH,2025-04-01,,,CNY
16211.1789,16315.225,16149.8212,16179.4898,3776308,000932.SH,2025-04-02,,,CNY
16052.9931,16413.2633,16052.9931,16377.3226,6606611,000932.SH,2025-04-03,,,CNY
15919.4154,16247.0022,15382.871,15816.3607,20600238,000932.SH,2025-04-07,,,CNY
15845.8675,16452.5074,15730.9763,16450.0826,23126258,000932.SH,2025-04-08,,,CNY
16362.6935,16749.417,16194.7133,16719.6321,24996560,000932.SH,2025-04-09,,,CNY
16640.2156,16764.4544,16451.7387,16738.342,19556729,000932.SH,2025-04-10,,,CNY
16714.2219,16718.7684,16375.3502,16511.3819,14323947,000932.SH,2025-04-11,,,CNY
16465.844,16601.1402,16429.4211,16451.0034,10876342,000932.SH,2025-04-14,,,CNY
16417.5041,16549.4849,16352.7132,16489.7248,8903916,000932.SH,2025-04-15,,,CNY
16476.9949,16603.1384,16317.0269,16568.668,8285506,000932.SH,2025-04-16,,,CNY
16475.8604,16695.493,16400.1541,16655.4923,6280736,000932.SH,2025-04-17,,,CNY
16613.5255,16613.5255,16417.7153,16481.8239,5385467,000932.SH,2025-04-18,,,CNY
16434.3815,16449.1164,16368.8003,16391.9439,5009868,000932.SH,2025-04-21,,,CNY
16360.3351,16494.9694,16341.3152,16423.4833,6401806,000932.SH,2025-04-22,,,CNY
16454.8709,16456.3849,16285.2348,16312.3975,7110907,000932.SH,2025-04-23,,,CNY
16301.6094,16405.4595,16288.7452,16324.6944,5916788,000932.SH,2025-04-24,,,CNY
16341.9603,16418.1474,16231.9996,16239.9929,5561650,000932.SH,2025-04-25,,,CNY
16271.3713,16315.7339,16225.5087,16225.5087,5824418,000932.SH,2025-04-28,,,CNY
16159.3763,16208.0982,16106.7612,16175.9752,5664915,000932.SH,2025-04-29,,,CNY
16211.0615,16338.4275,16189.2711,16217.9275,6434472,000932.SH,2025-04-30,,,CNY
16262.8226,16268.4115,16145.2594,16235.9193,6697534,000932.SH,2025-05-06,,,CNY
16417.4678,16417.4678,16230.2881,16273.1157,7743343,000932.SH,2025-05-07,,,CNY
16222.4938,16390.9882,16174.3707,16303.5972,5355472,000932.SH,2025-05-08,,,CNY
16294.3781,16374.3772,16280.4323,16316.3928,5039338,000932.SH,2025-05-09,,,CNY
16337.3964,16385.2658,16256.0244,16330.6356,5756502,000932.SH,2025-05-12,,,CNY
16366.904,16366.904,16263.1285,16318.1615,4856788,000932.SH,2025-05-13,,,CNY
16301.1299,16628.8614,16264.0913,16538.6728,5439131,000932.SH,2025-05-14,,,CNY
16504.5145,16574.6563,16459.7746,16487.1363,5015604,000932.SH,2025-05-15,,,CNY
16455.3256,16465.3438,16263.3441,16320.6169,4766632,000932.SH,2025-05-16,,,CNY
16196.4993,16244.4025,16155.5132,16230.5608,4299922,000932.SH,2025-05-19,,,CNY
16231.092,16445.1483,16231.092,16349.4238,5844268,000932.SH,2025-05-20,,,CNY
16340.1069,16415.9903,16333.3248,16358.0062,4466936,000932.SH,2025-05-21,,,CNY
16346.2856,16407.2766,16295.4449,16329.9901,4353839,000932.SH,2025-05-22,,,CNY
16314.395,16430.6649,16217.4028,16217.4028,4763904,000932.SH,2025-05-23,,,CNY
16194.5932,16282.3947,16098.1441,16161.2594,4594691,000932.SH,2025-05-26,,,CNY
16153.5733,16263.0769,16135.0499,16157.8697,4225890,000932.SH,2025-05-27,,,CNY
16150.6896,16283.7097,16092.0837,16234.0553,4254654,000932.SH,2025-05-28,,,CNY
16215.379,16274.9662,16133.3127,16226.5302,4296388,000932.SH,2025-05-29,,,CNY
16230.8115,16357.1907,16193.0367,16211.9483,6232643,000932.SH,2025-05-30,,,CNY
16113.3957,16307.7241,16113.3957,16298.4264,6501899,000932.SH,2025-06-03,,,CNY
16283.1887,16341.146,16242.8544,16340.8422,5102192,000932.SH,2025-06-04,,,CNY
16322.7794,16344.0436,16180.0205,16205.8377,5203348,000932.SH,2025-06-05,,,CNY
16130.7506,16186.9308,16060.7034,16137.3119,4904416,000932.SH,2025-06-06,,,CNY
16127.7283,16239.7735,16080.8061,16180.3796,6095872,000932.SH,2025-06-09,,,CNY
16177.0108,16192.6002,16008.1358,16069.8002,6882066,000932.SH,2025-06-10,,,CNY
16068.6756,16223.3716,16068.6756,16197.7122,7130752,000932.SH,2025-06-11,,,CNY
16174.1205,16176.9743,15987.5414,16010.0252,6229462,000932.SH,2025-06-12,,,CNY
15952.5553,15956.9539,15667.4336,15713.7268,8026573,000932.SH,2025-06-13,,,CNY
15609.7132,15682.4537,15549.312,15639.2765,5638166,000932.SH,2025-06-16,,,CNY
15635.1806,15717.9244,15579.7313,15605.3047,4360740,000932.SH,2025-06-17,,,CNY
15709.0579,15771.621,15614.7819,15619.7427,4998593,000932.SH,2025-06-18,,,CNY
15591.1846,15653.1431,15460.1413,15503.0969,4679243,000932.SH,2025-06-19,,,CNY
15499.5848,15709.1442,15499.5848,15617.4941,5001972,000932.SH,2025-06-20,,,CNY
15544.4995,15583.8425,15418.4418,15474.8528,4657271,000932.SH,2025-06-23,,,CNY
15502.4231,15664.1298,15496.5176,15604.0761,4597713,000932.SH,2025-06-24,,,CNY
15630.1712,15673.1961,15507.827,15666.119,4820479,000932.SH,2025-06-25,,,CNY
15608.3526,15658.8593,15566.1394,15597.4627,4750200,000932.SH,2025-06-26,,,CNY
15547.6657,15571.7766,15477.8072,15477.8072,3870094,000932.SH,2025-06-27,,,CNY
15482.6887,15538.1824,15422.7649,15522.0298,4288193,000932.SH,2025-06-30,,,CNY
15512.5227,15546.9805,15481.9977,15537.877,4027876,000932.SH,2025-07-01,,,CNY
15539.8296,15609.5166,15507.8583,15541.6796,4842462,000932.SH,2025-07-02,,,CNY
15551.1575,15631.8351,15530.4877,15591.3594,4555771,000932.SH,2025-07-03,,,CNY
15567.0324,15672.8277,15538.503,15618.9221,4298586,000932.SH,2025-07-04,,,CNY
15587.1206,15587.1206,15498.906,15506.7924,3983724,000932.SH,2025-07-07,,,CNY
15508.7135,15581.1886,15464.3786,15566.0313,4874459,000932.SH,2025-07-08,,,CNY
15578.447,15792.9446,15560.3482,15670.0741,7014200,000932.SH,2025-07-09,,,CNY
15689.6255,15723.3741,15581.4828,15673.4411,5945691,000932.SH,2025-07-10,,,CNY
15672.5039,15880.3765,15669.9334,15742.6104,7159452,000932.SH,2025-07-11,,,CNY
15730.4102,15811.202,15674.1356,15774.7835,5831494,000932.SH,2025-07-14,,,CNY
15732.3501,15765.7264,15554.9012,15619.2161,6221771,000932.SH,2025-07-15,,,CNY
15598.4702,15699.4116,15598.4702,15675.0004,4347768,000932.SH,2025-07-16,,,CNY
15676.1231,15786.4192,15676.1231,15764.1544,4965225,000932.SH,2025-07-17,,,CNY
15738.1296,15901.2453,15725.5599,15886.7794,5259062,000932.SH,2025-07-18,,,CNY
15880.3599,15967.2776,15849.1835,15964.5387,6868812,000932.SH,2025-07-21,,,CNY
15957.7379,16300.1384,15955.6776,16292.3576,9467760,000932.SH,2025-07-22,,,CNY
16353.7564,16404.0283,16240.4681,16252.279,9529964,000932.SH,2025-07-23,,,CNY
16220.2604,16288.4213,16168.1312,16279.6379,9040256,000932.SH,2025-07-24,,,CNY
16284.843,16289.8934,16095.0972,16106.8715,8164726,000932.SH,2025-07-25,,,CNY
16088.1532,16088.1532,15950.6192,16008.0125,6944173,000932.SH,2025-07-28,,,CNY
16016.1896,16039.2115,15842.2067,15916.7004,7130964,000932.SH,2025-07-29,,,CNY
15914.0472,16142.2722,15891.9101,16048.8638,8550343,000932.SH,2025-07-30,,,CNY
15991.2122,15991.2122,15665.1681,15694.8111,7701967,000932.SH,2025-07-31,,,CNY
15689.5973,15750.655,15633.4252,15690.5632,4871703,000932.SH,2025-08-01,,,CNY
15654.8162,15727.7528,15642.7557,15727.7528,4438596,000932.SH,2025-08-04,,,CNY
15743.0566,15882.7534,15743.0566,15881.3877,5349077,000932.SH,2025-08-05,,,CNY
15886.9765,15901.9189,15818.8199,15896.1498,4451023,000932.SH,2025-08-06,,,CNY
15882.9907,15935.5309,15862.5344,15895.6904,5311289,000932.SH,2025-08-07,,,CNY
15870.9467,15891.1788,15807.8824,15830.5371,5164251,000932.SH,2025-08-08,,,CNY
15856.5456,16009.9903,15783.3101,15980.8343,7009158,000932.SH,2025-08-11,,,CNY
15979.0132,16128.687,15949.0932,15956.9461,6803572,000932.SH,2025-08-12,,,CNY
15955.1478,15999.0378,15875.9787,15967.0208,7539569,000932.SH,2025-08-13,,,CNY
15964.9162,16135.5904,15897.8887,15913.8484,7431050,000932.SH,2025-08-14,,,CNY
15900.2605,15986.8771,15827.3578,15952.1357,8727039,000932.SH,2025-08-15,,,CNY
15980.9482,16107.0687,15969.9548,16035.8102,9231950,000932.SH,2025-08-18,,,CNY
16061.5602,16255.2631,16060.4214,16167.7863,10430746,000932.SH,2025-08-19,,,CNY
16130.4042,16390.9257,16066.5143,16372.4338,10276825,000932.SH,2025-08-20,,,CNY
16467.0446,16592.9136,16362.0818,16463.0578,10614822,000932.SH,2025-08-21,,,CNY
16496.2651,16540.8516,16403.4669,16535.3046,8437413,000932.SH,2025-08-22,,,CNY
16567.8009,16949.0051,16567.8009,16947.8369,12108089,000932.SH,2025-08-25,,,CNY
16908.332,17299.5369,16830.0208,17148.8681,12465667,000932.SH,2025-08-26,,,CNY
17077.8808,17099.7234,16728.9772,16728.9772,11403692,000932.SH,2025-08-27,,,CNY
16685.7018,16776.0797,16405.5927,16648.5499,10016747,000932.SH,2025-08-28,,,CNY
16736.9112,17069.0935,16736.9112,16991.4615,11134980,000932.SH,2025-08-29,,,CNY
16999.5083,17077.2218,16868.6129,16973.0196,10082554,000932.SH,2025-09-01,,,CNY
16966.8256,17217.8751,16867.8878,16921.7107,9101448,000932.SH,2025-09-02,,,CNY
16961.4334,17119.8365,16611.9236,16678.3366,7721386,000932.SH,2025-09-03,,,CNY
16657.7255,16662.6307,16492.5275,16640.7945,8564314,000932.SH,2025-09-04,,,CNY
16636.9096,16793.2325,16491.5048,16784.2796,7006586,000932.SH,2025-09-05,,,CNY
16814.1432,17112.2259,16814.1432,17101.6137,11262279,000932.SH,2025-09-08,,,CNY
17091.2458,17136.6345,16938.592,17111.2075,7750863,000932.SH,2025-09-09,,,CNY
17070.3559,17136.8604,16981.3917,17058.6653,7543101,000932.SH,2025-09-10,,,CNY
17026.4911,17292.0083,17026.4911,17292.0083,10100305,000932.SH,2025-09-11,,,CNY
17272.3536,17407.2984,17114.0478,17125.6409,8427503,000932.SH,2025-09-12,,,CNY
17092.1556,17250.9974,17051.2621,17176.1077,8264098,000932.SH,2025-09-15,,,CNY
17165.6859,17194.4314,16920.0622,17040.0186,7680821,000932.SH,2025-09-16,,,CNY
17032.3498,17090.7212,16859.2165,16939.3249,6527138,000932.SH,2025-09-17,,,CNY
16931.8007,16943.2422,16572.8113,16668.7396,8245208,000932.SH,2025-09-18,,,CNY
16636.0273,16714.8778,16566.0632,16688.8613,6217150,000932.SH,2025-09-19,,,CNY
16637.1278,16637.1278,16434.7736,16489.7676,6013242,000932.SH,2025-09-22,,,CNY
16461.804,16564.8734,16283.5719,16401.1811,6495390,000932.SH,2025-09-23,,,CNY
16345.5548,16478.9023,16339.0545,16442.8288,5201624,000932.SH,2025-09-24,,,CNY
16450.1146,16453.8904,16295.4381,16295.4381,6353822,000932.SH,2025-09-25,,,CNY
16292.3222,16393.6943,16218.373,16278.1686,6371610,000932.SH,2025-09-26,,,CNY
16290.4182,16477.8083,16182.5899,16437.2664,6930279,000932.SH,2025-09-29,,,CNY
16402.3453,16442.8046,16289.4802,16411.6242,5564602,000932.SH,2025-09-30,,,CNY
16327.4025,16389.6723,16101.8704,16386.5535,7484783,000932.SH,2025-10-09,,,CNY
16345.3026,16538.1777,16309.7561,16436.945,7203643,000932.SH,2025-10-10,,,CNY
16212.2259,16335.2099,16178.6124,16271.7039,8349321,000932.SH,2025-10-13,,,CNY
16319.6049,16545.3059,16278.0037,16452.8537,8732960,000932.SH,2025-10-14,,,CNY
16421.3235,16532.9255,16354.7371,16517.0791,6790358,000932.SH,2025-10-15,,,CNY
16473.783,16622.4419,16463.4039,16557.2084,6227540,000932.SH,2025-10-16,,,CNY
16521.4921,16616.0913,16352.6415,16361.5481,5706128,000932.SH,2025-10-17,,,CNY
16369.4945,16417.0616,16188.8004,16225.7312,5726599,000932.SH,2025-10-20,,,CNY
16216.5724,16307.9972,16207.0126,16248.5273,5921565,000932.SH,2025-10-21,,,CNY
16228.7997,16305.961,16138.6638,16138.6638,5008824,000932.SH,2025-10-22,,,CNY
16113.911,16193.0247,16025.0417,16179.9095,4627612,000932.SH,2025-10-23,,,CNY
16180.4262,16242.3993,16006.1365,16021.2948,5555871,000932.SH,2025-10-24,,,CNY
16007.0209,16111.7506,15974.3364,16077.5194,6746011,000932.SH,2025-10-27,,,CNY
16069.7891,16126.1051,16005.7205,16016.2695,5028563,000932.SH,2025-10-28,,,CNY
16004.0687,16015.295,15945.7855,16011.7795,5732906,000932.SH,2025-10-29,,,CNY
15964.2511,16097.3917,15933.9299,15966.909,7488824,000932.SH,2025-10-30,,,CNY
15921.3906,16184.3835,15921.3906,16095.41,7109173,000932.SH,2025-10-31,,,CNY
16065.3727,16159.4771,16004.6299,16143.9852,7067431,000932.SH,2025-11-03,,,CNY
16125.0985,16125.0985,15862.0479,15907.2676,6195047,000932.SH,2025-11-04,,,CNY
15823.8031,15966.7408,15804.6187,15882.9765,5494178,000932.SH,2025-11-05,,,CNY
15890.8261,15983.1195,15880.1551,15900.1862,5117931,000932.SH,2025-11-06,,,CNY
15895.1301,16002.4488,15890.9018,15911.7304,5780226,000932.SH,2025-11-07,,,CNY
15931.3385,16463.1922,15899.4759,16448.9179,10347771,000932.SH,2025-11-10,,,CNY
16413.0294,16457.1818,16286.3437,16433.4797,8114619,000932.SH,2025-11-11,,,CNY
16439.3741,16571.0758,16438.1621,16444.6832,7127147,000932.SH,2025-11-12,,,CNY
16425.7821,16541.1618,16342.3219,16528.6384,7573818,000932.SH,2025-11-13,,,CNY
16484.421,16632.9642,16333.6351,16333.6351,6672485,000932.SH,2025-11-14,,,CNY
16309.7553,16326.1576,16094.3026,16252.6325,6400670,000932.SH,2025-11-17,,,CNY
16231.0189,16374.9709,16205.4713,16252.0311,6978352,000932.SH,2025-11-18,,,CNY
16242.9092,16280.2626,16157.3374,16202.7749,5881913,000932.SH,2025-11-19,,,CNY
16205.2297,16278.7055,16101.975,16116.815,5522336,000932.SH,2025-11-20,,,CNY
16073.635,16214.189,15941.0163,15990.6593,7975384,000932.SH,2025-11-21,,,CNY
16055.2655,16161.2951,15956.5523,15973.352,6968413,000932.SH,2025-11-24,,,CNY
15988.5675,16061.0951,15906.4152,16002.6112,6185044,000932.SH,2025-11-25,,,CNY
16002.4757,16097.3499,15955.0621,15992.039,4987599,000932.SH,2025-11-26,,,CNY
16003.2132,16072.5642,15932.8716,15989.5359,4321243,000932.SH,2025-11-27,,,CNY
15980.9175,16086.0869,15936.2011,16082.9878,5151478,000932.SH,2025-11-28,,,CNY
16080.2601,16139.6559,15995.7832,16047.1969,5889072,000932.SH,2025-12-01,,,CNY
16027.5207,16050.9434,15906.5637,15917.9097,5024903,000932.SH,2025-12-02,,,CNY
15910.4939,15927.9026,15774.4045,15792.7061,4873204,000932.SH,2025-12-03,,,CNY
15777.7111,15810.5903,15617.1918,15636.7143,5107163,000932.SH,2025-12-04,,,CNY
15629.2286,15700.7951,15586.265,15670.3582,4276729,000932.SH,2025-12-05,,,CNY
15663.3114,15676.3036,15532.1554,15545.9021,5071327,000932.SH,2025-12-08,,,CNY
15547.6943,15569.3138,15336.1594,15358.9188,5713040,000932.SH,2025-12-09,,,CNY
15328.9341,15432.0631,15266.6634,15418.3972,6549927,000932.SH,2025-12-10,,,CNY
15414.36,15427.2522,15310.8297,15332.5218,5989820,000932.SH,2025-12-11,,,CNY
15371.5541,15441.1277,15305.3946,15417.2885,7343638,000932.SH,2025-12-12,,,CNY
15487.5736,15641.1331,15472.7878,15507.0418,12161949,000932.SH,2025-12-15,,,CNY
15492.2791,15564.9045,15419.746,15477.0592,10049219,000932.SH,2025-12-16,,,CNY
15504.4353,15588.5835,15358.6272,15537.4477,10001584,000932.SH,2025-12-17,,,CNY
15462.9823,15519.657,15434.0725,15453.3841,6844687,000932.SH,2025-12-18,,,CNY
15437.6226,15592.9047,15396.0047,15554.4397,9047913,000932.SH,2025-12-19,,,CNY
15548.7803,15597.4952,15511.1091,15561.084,7709804,000932.SH,2025-12-22,,,CNY
15572.4688,15578.5587,15450.452,15459.6045,8286208,000932.SH,2025-12-23,,,CNY
15423.262,15437.9564,15317.9632,15362.2601,7191444,000932.SH,2025-12-24,,,CNY
15357.7334,15490.2108,15357.7334,15472.5081,7488213,000932.SH,2025-12-25,,,CNY
15447.1372,15474.3751,15356.34,15415.9737,8024968,000932.SH,2025-12-26,,,CNY
15390.2317,15458.237,15336.2482,15347.721,10160719,000932.SH,2025-12-29,,,CNY
15334.555,15403.6186,15315.3016,15348.4245,7650298,000932.SH,2025-12-30,,,CNY
15342.2434,15363.3271,15212.1427,15248.5705,7037507,000932.SH,2025-12-31,,,CNY
15258.8529,15453.8358,15247.6515,15430.118,8135104,000932.SH,2026-01-05,,,CNY
15430.5836,15564.9129,15375.7808,15564.9129,9091329,000932.SH,2026-01-06,,,CNY
15557.6028,15586.5208,15442.9283,15455.9982,8347389,000932.SH,2026-01-07,,,CNY
15420.2625,15420.2625,15321.9853,15357.9268,7927299,000932.SH,2026-01-08,,,CNY
15383.3447,15463.5092,15336.5563,15414.9832,8256756,000932.SH,2026-01-09,,,CNY
15402.3259,15510.6894,15387.0486,15496.5825,9199005,000932.SH,2026-01-12,,,CNY
15508.3336,15525.4965,15308.1619,15342.4363,9730371,000932.SH,2026-01-13,,,CNY
15326.752,15427.4539,15183.5302,15271.5918,10988740,000932.SH,2026-01-14,,,CNY
15244.616,15345.3268,15190.9672,15213.5616,7689302,000932.SH,2026-01-15,,,CNY
15237.5226,15253.2837,15007.8138,15035.5729,8703139,000932.SH,2026-01-16,,,CNY
15016.3322,15102.1554,15001.0177,15047.2128,8236797,000932.SH,2026-01-19,,,CNY
15052.4267,15139.0531,15037.0957,15098.3461,10009572,000932.SH,2026-01-20,,,CNY
15087.0684,15087.0684,14880.5075,14899.8505,8193576,000932.SH,2026-01-21,,,CNY
14903.4406,14983.9338,14843.7791,14860.5829,8236268,000932.SH,2026-01-22,,,CNY
14875.5325,14923.6361,14829.2813,14860.607,9190591,000932.SH,2026-01-23,,,CNY
14837.291,14888.6176,14623.3565,14819.2062,14960713,000932.SH,2026-01-26,,,CNY
14814.8263,14814.8263,14571.2751,14583.6734,10909347,000932.SH,2026-01-27,,,CNY
14570.2477,14649.0476,14502.1825,14575.3306,14054317,000932.SH,2026-01-28,,,CNY
14591.5091,15341.8695,14576.9586,15341.6885,19376754,000932.SH,2026-01-29,,,CNY
15290.0134,15302.1653,14964.989,14964.989,21060394,000932.SH,2026-01-30,,,CNY
14936.3205,15305.4055,14919.8865,14936.8681,17429313,000932.SH,2026-02-02,,,CNY
14942.8465,15145.8256,14907.2296,15073.753,10714553,000932.SH,2026-02-03,,,CNY
15072.4689,15411.0865,15035.6314,15391.3279,11012232,000932.SH,2026-02-04,,,CNY
15364.5347,15619.086,15349.05,15518.6054,11275765,000932.SH,2026-02-05,,,CNY
15454.8381,15553.1837,15301.8658,15333.4769,8850853,000932.SH,2026-02-06,,,CNY
15320.6305,15428.9374,15291.2891,15363.3843,7631122,000932.SH,2026-02-09,,,CNY
15343.1063,15343.7832,15146.933,15179.8433,6758455,000932.SH,2026-02-10,,,CNY
15176.1112,15228.2482,15123.4877,15197.6139,7600015,000932.SH,2026-02-11,,,CNY
15169.2092,15170.6603,14987.0275,14996.436,6812191,000932.SH,2026-02-12,,,CNY
15013.3661,15109.9853,14943.8574,14952.5209,6282668,000932.SH,2026-02-13,,,CNY
15088.4972,15098.5537,14817.2452,14850.044,7508273,000932.SH,2026-02-24,,,CNY
14860.1844,15022.1452,14860.1844,14934.3133,8157301,000932.SH,2026-02-25,,,CNY
14956.2165,14997.4677,14799.6495,14816.5084,7751904,000932.SH,2026-02-26,,,CNY
14816.687,14927.2156,14816.687,14897.7887,7834636,000932.SH,2026-02-27,,,CNY
14773.2007,14948.8331,14706.0997,14771.3978,10879148,000932.SH,2026-03-02,,,CNY
14755.4618,14955.1133,14695.6415,14729.1933,13903319,000932.SH,2026-03-03,,,CNY
14653.5968,14661.5556,14517.5696,14578.495,13583085,000932.SH,2026-03-04,,,CNY
14629.5062,14649.5578,14495.0514,14530.5362,10232288,000932.SH,2026-03-05,,,CNY
14497.212,14912.0164,14494.2382,14896.7678,13322599,000932.SH,2026-03-06,,,CNY
14830.9491,14950.3273,14819.797,14865.4225,16212697,000932.SH,2026-03-09,,,CNY
14852.2148,14910.2448,14824.641,14848.1305,10494090,000932.SH,2026-03-10,,,CNY
14848.9255,14946.8975,14776.2149,14930.4269,9829299,000932.SH,2026-03-11,,,CNY
14928.5451,15022.4794,14843.3937,14996.3345,14415830,000932.SH,2026-03-12,,,CNY
14983.5589,15121.5413,14971.6708,15037.7921,12206591,000932.SH,2026-03-13,,,CNY
15058.734,15250.1544,15058.734,15203.5909,11931780,000932.SH,2026-03-16,,,CNY
15177.6496,15412.9436,15147.3282,15182.5067,10681483,000932.SH,2026-03-17,,,CNY
15185.7255,15222.6992,14979.0085,15038.0746,8533429,000932.SH,2026-03-18,,,CNY
14984.3734,15001.9691,14811.4026,14839.0422,8667141,000932.SH,2026-03-19,,,CNY
14848.2786,14958.6725,14721.3592,14761.7877,8939229,000932.SH,2026-03-20,,,CNY
14593.4085,14593.4085,14126.8885,14184.7658,14436032,000932.SH,2026-03-23,,,CNY
14293.714,14306.117,14084.043,14255.9742,8654583,000932.SH,2026-03-24,,,CNY
14266.2265,14375.0335,14208.9704,14365.1273,7258841,000932.SH,2026-03-25,,,CNY
14348.0009,14421.5879,14209.0099,14222.8438,6686479,000932.SH,2026-03-26,,,CNY
14164.5493,14498.2431,14157.6598,14476.7419,7787372,000932.SH,2026-03-27,,,CNY
14385.2144,14572.4886,14357.6044,14486.9768,9303678,000932.SH,2026-03-30,,,CNY
14611.2067,14664.5179,14326.9411,14326.9411,8341536,000932.SH,2026-03-31,,,CNY
14447.6413,14501.1077,14331.5318,14455.4928,6519488,000932.SH,2026-04-01,,,CNY
14428.1697,14643.4432,14428.1697,14571.8418,7770721,000932.SH,2026-04-02,,,CNY
14554.9436,14554.9436,14351.4548,14371.844,6916554,000932.SH,2026-04-03,,,CNY
14382.7308,14464.3587,14306.6493,14354.3492,7536770,000932.SH,2026-04-07,,,CNY
14432.565,14560.5295,14424.7872,14560.5295,8856714,000932.SH,2026-04-08,,,CNY
14491.4559,14500.9017,14334.121,14363.5216,6519756,000932.SH,2026-04-09,,,CNY
14390.2437,14408.5683,14297.1541,14319.4318,6436886,000932.SH,2026-04-10,,,CNY
14276.3363,14331.8845,14218.0841,14319.0459,8478817,000932.SH,2026-04-13,,,CNY
14331.9389,14461.8907,14279.3713,14457.6879,14300173,000932.SH,2026-04-14,,,CNY
14440.1107,14510.6537,14392.8774,14481.9213,14085637,000932.SH,2026-04-15,,,CNY
14477.4593,14505.3654,14423.7246,14490.6582,9825058,000932.SH,2026-04-16,,,CNY
14334.2999,14334.2999,14252.1219,14276.3653,8726508,000932.SH,2026-04-17,,,CNY
14291.4642,14320.2997,14235.5567,14275.1092,8197640,000932.SH,2026-04-20,,,CNY
14270.6405,14377.7131,14257.4478,14285.9022,7474633,000932.SH,2026-04-21,,,CNY
14243.3955,14331.4234,14146.1276,14187.8038,11268478,000932.SH,2026-04-22,,,CNY
14180.3556,14281.5299,14121.7708,14193.6049,9934187,000932.SH,2026-04-23,,,CNY
14148.8733,14254.1952,14095.4009,14198.5082,7966641,000932.SH,2026-04-24,,,CNY
14115.7653,14120.5644,14034.0224,14051.1523,7844407,000932.SH,2026-04-27,,,CNY
14050.6385,14114.2514,14006.9609,14103.8471,8224480,000932.SH,2026-04-28,,,CNY
14094.0104,14385.2864,14094.0104,14352.7332,15002080,000932.SH,2026-04-29,,,CNY
14346.0936,14492.5614,14313.1245,14358.2259,14783278,000932.SH,2026-04-30,,,CNY
14199.3368,14272.3509,14133.2316,14272.117,13904658,000932.SH,2026-05-06,,,CNY
14266.5086,14356.2523,14192.6741,14214.3612,11930137,000932.SH,2026-05-07,,,CNY
14221.1531,14247.7686,14100.5583,14116.951,8833653,000932.SH,2026-05-08,,,CNY
14131.7425,14188.9211,14015.9129,14146.9691,11507492,000932.SH,2026-05-11,,,CNY
14142.0052,14142.0052,13922.5298,13938.7135,10459875,000932.SH,2026-05-12,,,CNY
13935.4711,13950.722,13776.3087,13839.3117,10141281,000932.SH,2026-05-13,,,CNY
13835.1187,14076.937,13774.8169,13850.6702,13434215,000932.SH,2026-05-14,,,CNY
13788.7981,13790.0892,13593.2484,13642.8065,10305897,000932.SH,2026-05-15,,,CNY
13629.7679,13630.5025,13414.8231,13467.5719,9952345,000932.SH,2026-05-18,,,CNY
13480.7507,13574.4721,13374.3833,13451.4642,9156064,000932.SH,2026-05-19,,,CNY
13421.5467,13557.9222,13390.244,13420.8029,8635649,000932.SH,2026-05-20,,,CNY
13410.4996,13566.5757,13261.706,13270.0804,9240825,000932.SH,2026-05-21,,,CNY
13310.9282,13317.5371,13079.9874,13093.3365,9042646,000932.SH,2026-05-22,,,CNY
13064.0223,13183.2194,12964.8775,13104.6394,8541638,000932.SH,2026-05-25,,,CNY
13054.2909,13146.0034,12991.2685,13074.6149,8102836,000932.SH,2026-05-26,,,CNY
13028.4853,13242.2799,12827.5525,13099.653,10630755,000932.SH,2026-05-27,,,CNY
13000.1523,13046.1681,12830.6565,12865.4064,8096810,000932.SH,2026-05-28,,,CNY
12831.2781,13287.4332,12810.438,13190.3912,11292602,000932.SH,2026-05-29,,,CNY
13128.6909,13258.0724,13044.3601,13244.4844,9890660,000932.SH,2026-06-01,,,CNY
13195.8429,13234.322,13017.7905,13034.5708,8828482,000932.SH,2026-06-02,,,CNY
12990.6859,12990.6859,12748.446,12856.3259,9085171,000932.SH,2026-06-03,,,CNY
12807.726,12904.1072,12618.3384,12623.7635,8324085,000932.SH,2026-06-04,,,CNY
12613.1249,12752.4342,12538.4514,12557.5101,7758485,000932.SH,2026-06-05,,,CNY
12486.7146,12587.6072,12269.1448,12364.654,8687144,000932.SH,2026-06-08,,,CNY
12360.94,12383.7538,12248.5471,12302.3494,7772224,000932.SH,2026-06-09,,,CNY
12255.9298,12463.2981,12251.3031,12420.4559,7917261,000932.SH,2026-06-10,,,CNY
12370.9358,12431.7579,12291.7703,12412.8118,7574888,000932.SH,2026-06-11,,,CNY
12377.3871,12601.8197,12324.9778,12532.0122,11608034,000932.SH,2026-06-12,,,CNY
12516.7619,12582.8919,12382.6322,12453.5683,7672404,000932.SH,2026-06-15,,,CNY
12401.6239,12403.788,12202.4547,12234.783,7172884,000932.SH,2026-06-16,,,CNY
12213.1831,12232.4653,12039.0547,12111.3822,6202779,000932.SH,2026-06-17,,,CNY
12088.1775,12088.1775,11822.9152,11832.4805,7833451,000932.SH,2026-06-18,,,CNY
11779.0165,12004.8759,11652.5329,11933.8791,9190248,000932.SH,2026-06-22,,,CNY
11916.1524,12122.2514,11722.5657,11746.1129,8037719,000932.SH,2026-06-23,,,CNY
11739.815,11841.1065,11547.461,11564.9221,7836966,000932.SH,2026-06-24,,,CNY
11504.4679,11701.2804,11400.114,11592.1789,9664183,000932.SH,2026-06-25,,,CNY
11610.913,11691.4982,11429.3619,11451.094,9376236,000932.SH,2026-06-26,,,CNY
11446.0649,11860.1734,11245.994,11779.9239,11755922,000932.SH,2026-06-29,,,CNY
11693.7186,11756.2502,11543.9954,11658.4583,8324221,000932.SH,2026-06-30,,,CNY
11663.9298,12007.5935,11602.2737,11921.4651,11062856,000932.SH,2026-07-01,,,CNY
11896.5235,12053.7476,11790.761,11885.5841,9687000,000932.SH,2026-07-02,,,CNY
11905.4488,12045.389,11808.5279,11888.2834,7347667,000932.SH,2026-07-03,,,CNY
11901.9438,12177.8811,11855.1177,12125.1807,9342454,000932.SH,2026-07-06,,,CNY
12079.596,12089.2649,11894.1591,11942.85,7442742,000932.SH,2026-07-07,,,CNY
11898.8215,12004.9973,11781.932,11853.8175,6584019,000932.SH,2026-07-08,,,CNY
11792.4141,11857.386,11687.792,11736.4687,6429703,000932.SH,2026-07-09,,,CNY
11724.2238,12016.0931,11590.8367,11968.1521,8875434,000932.SH,2026-07-10,,,CNY
11866.1668,12012.8348,11819.7714,11953.6084,8175840,000932.SH,2026-07-13,,,CNY
11920.9387,12007.9667,11864.7196,11997.6627,6794256,000932.SH,2026-07-14,,,CNY
11901.6743,12458.0444,11883.5878,12439.5174,9682522,000932.SH,2026-07-15,,,CNY
12356.1657,12614.6391,12352.7368,12536.4856,10523418,000932.SH,2026-07-16,,,CNY
12546.7796,12644.0963,12278.3455,12327.8965,10391661,000932.SH,2026-07-17,,,CNY
12335.9928,12752.6288,12301.3,12752.6288,11470372,000932.SH,2026-07-20,,,CNY
12709.1743,12951.0127,12553.4373,12618.3717,11422669,000932.SH,2026-07-21,,,CNY
12515.1009,12700.3563,12408.8368,12700.3563,8780653,000932.SH,2026-07-22,,,CNY
12610.3146,12664.2398,12455.4782,12639.1507,7204649,000932.SH,2026-07-23,,,CNY
12629.4991,12662.01,12392.8097,12410.7501,6645955,000932.SH,2026-07-24,,,CNY
12428.2767,12513.8955,12340.5338,12472.0475,6383367,000932.SH,2026-07-27,,,CNY
12470.792,12675.5091,12418.4805,12663.013,6466507,000932.SH,2026-07-28,,,CNY
