code,ex,cash
180101.SZ,2021-11-30,0.0274
180101.SZ,2022-04-07,0.0301
180101.SZ,2022-12-19,0.0566
180101.SZ,2023-04-04,0.0396
180101.SZ,2023-10-31,0.0479
180101.SZ,2024-04-12,0.033600000000000005
180101.SZ,2024-08-22,0.0434
180101.SZ,2024-12-17,0.0259
180101.SZ,2025-04-24,0.0283
180101.SZ,2025-09-11,0.039900000000000005
180101.SZ,2025-12-08,0.02
180101.SZ,2026-04-17,0.023100000000000002
180101.SZ,2026-09-17,0.036199999999999996
180102.SZ,2023-04-20,0.029599999999999998
180102.SZ,2023-08-30,0.05347
180102.SZ,2024-01-17,0.027460000000000002
180102.SZ,2024-04-02,0.02747
180102.SZ,2024-06-05,0.02703
180102.SZ,2024-08-13,0.027129999999999998
180102.SZ,2024-11-08,0.026869999999999998
180102.SZ,2025-01-24,0.02705
180102.SZ,2025-05-30,0.02442
180102.SZ,2025-08-12,0.024460000000000003
180102.SZ,2026-04-17,0.03619
180103.SZ,2023-08-23,0.0653
180103.SZ,2024-01-24,0.0306
180103.SZ,2024-04-23,0.029970000000000004
180103.SZ,2024-06-06,0.02948
180103.SZ,2024-08-15,0.027979999999999998
180103.SZ,2024-11-27,0.028470000000000002
180103.SZ,2025-04-18,0.028360000000000003
180103.SZ,2025-06-13,0.026879999999999998
180103.SZ,2025-12-02,0.0539
180103.SZ,2026-05-12,0.0259
180103.SZ,2026-06-12,0.02426
180105.SZ,2025-04-14,0.0439
180105.SZ,2025-09-02,0.059
180105.SZ,2026-04-08,0.0405
180105.SZ,2026-09-07,0.029599999999999998
180106.SZ,2025-07-11,0.11875
180106.SZ,2025-09-23,0.0372
180106.SZ,2025-12-23,0.0419
180106.SZ,2026-05-29,0.0432
180106.SZ,2026-08-25,0.0388
180301.SZ,2022-04-06,0.057499999999999996
180301.SZ,2023-04-25,0.10625
180301.SZ,2023-09-21,0.048530000000000004
180301.SZ,2024-04-03,0.053369999999999994
180301.SZ,2024-08-09,0.050170000000000006
180301.SZ,2024-11-06,0.02544
180301.SZ,2025-04-01,0.02361
180301.SZ,2025-09-02,0.05012
180301.SZ,2025-11-12,0.02477
180301.SZ,2026-04-10,0.022189999999999998
180301.SZ,2026-09-02,0.04421
180302.SZ,2024-11-11,0.03293
180302.SZ,2025-02-11,0.03055
180302.SZ,2025-06-13,0.03
180302.SZ,2025-08-22,0.0294
180302.SZ,2025-11-21,0.0303
180302.SZ,2026-04-13,0.034699999999999995
180302.SZ,2026-06-30,0.029470000000000003
180302.SZ,2026-09-18,0.029599999999999998
180303.SZ,2025-04-01,0.05614
180303.SZ,2025-08-29,0.08939
180303.SZ,2025-12-19,0.04063
180303.SZ,2026-04-23,0.053290000000000004
180303.SZ,2026-08-24,0.0994
180305.SZ,2025-11-17,0.0804
180305.SZ,2026-04-21,0.0411
180305.SZ,2026-09-04,0.0805
180306.SZ,2026-05-29,0.09902
180306.SZ,2026-08-25,0.06697
180501.SZ,2023-04-25,0.038
180501.SZ,2023-09-21,0.0539
180501.SZ,2024-04-03,0.04828
180501.SZ,2024-08-09,0.05088
180501.SZ,2024-11-06,0.02382
180501.SZ,2025-04-01,0.024079999999999997
180501.SZ,2025-09-02,0.047060000000000005
180501.SZ,2025-11-13,0.02425
180501.SZ,2026-04-10,0.02402
180501.SZ,2026-05-22,0.02359
180501.SZ,2026-09-02,0.02386
180502.SZ,2025-04-07,0.03426
180502.SZ,2025-08-15,0.052500000000000005
180502.SZ,2025-11-24,0.0318
180502.SZ,2026-05-14,0.0571
180502.SZ,2026-08-11,0.03156
180601.SZ,2024-05-15,0.05122
180601.SZ,2024-08-05,0.08666
180601.SZ,2024-11-19,0.08878
180601.SZ,2025-02-28,0.08868000000000001
180601.SZ,2025-05-23,0.08826
180601.SZ,2025-08-15,0.09117
180601.SZ,2025-11-18,0.09239
180601.SZ,2026-02-10,0.09324
180601.SZ,2026-06-09,0.09013
180601.SZ,2026-08-28,0.09214
180602.SZ,2024-09-10,0.036
180602.SZ,2024-12-10,0.0428
180602.SZ,2025-04-01,0.0456
180602.SZ,2025-05-07,0.04
180602.SZ,2025-08-18,0.045
180602.SZ,2025-12-22,0.045
180602.SZ,2026-04-07,0.04389
180602.SZ,2026-07-02,0.041999999999999996
180603.SZ,2025-01-10,0.04363
180603.SZ,2025-04-25,0.060050000000000006
180603.SZ,2025-10-17,0.04539
180603.SZ,2025-12-19,0.045989999999999996
180603.SZ,2026-02-13,0.04602
180603.SZ,2026-05-15,0.046189999999999995
180603.SZ,2026-08-21,0.04598
180605.SZ,2025-05-09,0.11140000000000001
180605.SZ,2025-09-29,0.0531
180605.SZ,2026-04-08,0.0741
180605.SZ,2026-09-07,0.0907
180606.SZ,2026-03-30,0.08588
180606.SZ,2026-06-30,0.04184
180607.SZ,2026-03-03,0.04333
180607.SZ,2026-05-22,0.054849999999999996
180607.SZ,2026-08-28,0.05674
180901.SZ,2026-05-18,0.21539999999999998
180901.SZ,2026-08-11,0.1381
508000.SH,2022-04-12,0.08
508000.SH,2022-09-26,0.06
508000.SH,2023-04-12,0.061
508000.SH,2023-05-10,0.028999999999999998
508000.SH,2024-04-18,0.07862
508000.SH,2024-12-19,0.06248
508000.SH,2025-04-17,0.06248
508000.SH,2025-09-18,0.06248
508000.SH,2026-04-16,0.05486
508000.SH,2026-09-17,0.051519999999999996
508002.SH,2024-12-19,0.02965
508002.SH,2025-04-02,0.03355
508002.SH,2025-08-12,0.07217
508002.SH,2025-12-25,0.034460000000000005
508002.SH,2026-05-21,0.03934
508002.SH,2026-09-18,0.0696
508003.SH,2025-04-25,0.0337
508003.SH,2025-07-22,0.04
508003.SH,2025-11-07,0.04
508003.SH,2026-02-06,0.040999999999999995
508003.SH,2026-05-07,0.04
508003.SH,2026-08-07,0.038
508005.SH,2024-12-19,0.018179999999999998
508005.SH,2025-05-07,0.03688
508005.SH,2025-09-02,0.07975
508005.SH,2026-03-06,0.08107
508005.SH,2026-08-25,0.08996
508010.SH,2025-04-25,0.04385
508010.SH,2025-08-22,0.034999999999999996
508010.SH,2025-12-15,0.033800000000000004
508010.SH,2026-04-03,0.0354
508010.SH,2026-09-01,0.0706
508011.SH,2024-09-09,0.07089999999999999
508011.SH,2025-03-13,0.08249999999999999
508011.SH,2025-09-12,0.0863
508011.SH,2026-04-10,0.0881
508011.SH,2026-08-04,0.09025
508012.SH,2025-05-23,0.07178
508012.SH,2025-11-25,0.06
508012.SH,2026-06-02,0.0775
508017.SH,2024-05-30,0.02218
508017.SH,2024-08-13,0.03325
508017.SH,2024-11-19,0.033960000000000004
508017.SH,2025-04-11,0.03458
508017.SH,2025-05-16,0.03529
508017.SH,2025-08-22,0.03653
508017.SH,2025-11-24,0.03755
508017.SH,2026-04-13,0.0374
508017.SH,2026-05-26,0.03679
508017.SH,2026-08-18,0.037380000000000004
508019.SH,2024-04-15,0.07142
508019.SH,2024-07-02,0.032529999999999996
508019.SH,2024-10-29,0.0335
508019.SH,2024-12-31,0.030330000000000003
508019.SH,2025-04-15,0.02728
508019.SH,2025-07-22,0.025
508019.SH,2025-11-04,0.024829999999999998
508019.SH,2026-01-27,0.024829999999999998
508019.SH,2026-04-07,0.020749999999999998
508019.SH,2026-07-28,0.01883
508021.SH,2023-04-17,0.06722
508021.SH,2024-04-22,0.19704
508021.SH,2025-04-24,0.16715
508021.SH,2026-04-24,0.11435
508021.SH,2026-09-18,0.07728
508022.SH,2025-04-24,0.0461
508022.SH,2025-09-23,0.06999999999999999
508022.SH,2025-12-16,0.04214
508022.SH,2026-04-24,0.033
508022.SH,2026-08-25,0.08399999999999999
508027.SH,2022-04-18,0.10289999999999999
508027.SH,2023-04-17,0.17754
508027.SH,2024-04-15,0.18218
508027.SH,2025-04-21,0.16429
508027.SH,2026-04-23,0.1481
508029.SH,2026-01-26,0.2
508029.SH,2026-07-02,0.0612
508031.SH,2024-09-18,0.06501
508031.SH,2025-04-24,0.06725
508031.SH,2025-09-22,0.06336
508031.SH,2026-04-24,0.0646
508031.SH,2026-09-18,0.06495999999999999
508039.SH,2026-04-14,0.13
508039.SH,2026-08-03,0.1247
508048.SH,2025-09-09,0.1127499999999999
508048.SH,2026-04-28,0.0699999999999999
508048.SH,2026-09-22,0.0689999999999999
508055.SH,2025-12-19,0.07619000000000001
508055.SH,2026-05-29,0.051539999999999996
508055.SH,2026-08-06,0.027800000000000002
508056.SH,2021-11-16,0.0522
508056.SH,2022-04-06,0.04843
508056.SH,2022-09-05,0.08921
508056.SH,2023-04-04,0.08801
508056.SH,2023-09-04,0.08423
508056.SH,2023-12-20,0.042499999999999996
508056.SH,2024-04-02,0.05405
508056.SH,2024-08-01,0.045829999999999996
508056.SH,2024-10-29,0.04413
508056.SH,2024-12-31,0.04547
508056.SH,2025-04-01,0.0495
508056.SH,2025-07-22,0.04059
508056.SH,2025-10-30,0.04318
508056.SH,2025-12-29,0.04335
508056.SH,2026-04-03,0.0458
508056.SH,2026-07-02,0.03376
508056.SH,2026-09-30,0.03719
508058.SH,2023-04-04,0.041909999999999996
508058.SH,2023-09-04,0.05201
508058.SH,2024-04-02,0.06282
508058.SH,2024-09-03,0.058199999999999995
508058.SH,2025-04-01,0.0581
508058.SH,2025-09-02,0.059340000000000004
508058.SH,2026-04-07,0.05969
508058.SH,2026-09-01,0.047
508060.SH,2026-05-18,0.11499999999999999
508060.SH,2026-08-11,0.065
508068.SH,2023-04-18,0.03825
508068.SH,2023-10-13,0.05504
508068.SH,2024-04-23,0.05506
508068.SH,2024-09-12,0.05366
508068.SH,2025-05-12,0.05404
508068.SH,2025-11-28,0.04
508068.SH,2026-05-15,0.06
508077.SH,2023-08-21,0.07846
508077.SH,2024-04-09,0.05738
508077.SH,2024-05-17,0.024399999999999998
508077.SH,2024-08-05,0.02442
508077.SH,2024-11-18,0.02463
508077.SH,2025-02-24,0.024640000000000002
508077.SH,2025-05-20,0.0242
508077.SH,2025-08-12,0.024460000000000003
508077.SH,2025-11-14,0.02475
508077.SH,2026-03-13,0.01462
508077.SH,2026-05-22,0.023780000000000003
508077.SH,2026-08-21,0.02402
508078.SH,2025-06-04,0.06563
508078.SH,2025-11-14,0.06771
508078.SH,2026-05-29,0.0881
508080.SH,2026-04-07,0.09
508080.SH,2026-09-01,0.0857
508082.SH,2026-04-03,0.056999999999999995
508082.SH,2026-06-29,0.04666
508082.SH,2026-09-15,0.0409
508084.SH,2025-12-11,0.09456
508084.SH,2026-06-08,0.08229
508085.SH,2025-10-10,0.032369999999999996
508085.SH,2025-12-19,0.019200000000000002
508085.SH,2026-04-23,0.02424
508085.SH,2026-08-24,0.05872000000000001
508088.SH,2023-04-17,0.051739999999999994
508088.SH,2023-12-18,0.08703999999999999
508088.SH,2024-04-22,0.074
508088.SH,2025-04-24,0.15536
508088.SH,2026-04-24,0.12175
508088.SH,2026-10-09,0.08055
508090.SH,2026-03-10,0.08431
508090.SH,2026-08-12,0.08137
508091.SH,2026-03-31,0.0761
508091.SH,2026-08-25,0.13258
508092.SH,2025-09-05,0.0861
508092.SH,2025-11-21,0.04987
508092.SH,2026-03-03,0.049890000000000004
508092.SH,2026-05-25,0.04351
508092.SH,2026-08-24,0.04918
508097.SH,2025-04-29,0.0206
508097.SH,2025-08-29,0.06470000000000001
508097.SH,2025-12-19,0.036
508097.SH,2026-04-23,0.0316
508097.SH,2026-08-24,0.05600000000000001
508098.SH,2023-11-28,0.0659
508098.SH,2024-02-19,0.05042
508098.SH,2024-05-06,0.06889999999999999
508098.SH,2024-08-12,0.04
508098.SH,2024-11-28,0.048
508098.SH,2025-04-24,0.03
508098.SH,2025-07-14,0.03556
508098.SH,2025-09-17,0.04007
508098.SH,2025-12-11,0.04005
508098.SH,2026-05-12,0.02938
508098.SH,2026-07-03,0.03602
508098.SH,2026-09-30,0.03637
508099.SH,2022-05-20,0.049
508099.SH,2023-05-15,0.095
508099.SH,2023-08-11,0.049
508099.SH,2024-05-10,0.040999999999999995
508099.SH,2024-09-30,0.026000000000000002
508099.SH,2025-04-02,0.02
508099.SH,2025-09-03,0.0178
508099.SH,2026-04-08,0.0241
508099.SH,2026-07-14,0.0134
508600.SH,2026-09-04,0.04024
