code,date,units_yi
180101.SZ,2021-09-30,9.0
180101.SZ,2021-12-31,9.0
180101.SZ,2022-03-31,9.0
180101.SZ,2022-06-30,9.0
180101.SZ,2022-09-30,9.0
180101.SZ,2022-12-31,9.0
180101.SZ,2023-03-31,9.0
180101.SZ,2023-06-30,14.21
180101.SZ,2023-09-30,14.21
180101.SZ,2023-12-31,14.21
180101.SZ,2024-03-31,14.21
180101.SZ,2024-06-30,14.21
180101.SZ,2024-09-30,14.21
180101.SZ,2024-12-31,14.21
180101.SZ,2025-03-31,14.21
180101.SZ,2025-06-30,14.21
180101.SZ,2025-09-30,14.21
180101.SZ,2025-12-31,14.21
180101.SZ,2026-03-31,14.21
180101.SZ,2026-06-30,14.21
180102.SZ,2022-12-31,7.0
180102.SZ,2023-03-31,7.0
180102.SZ,2023-06-30,7.0
180102.SZ,2023-09-30,7.0
180102.SZ,2023-12-31,7.0
180102.SZ,2024-03-31,7.0
180102.SZ,2024-06-30,7.0
180102.SZ,2024-09-30,7.0
180102.SZ,2024-12-31,7.0
180102.SZ,2025-03-31,7.0
180102.SZ,2025-06-30,7.0
180102.SZ,2025-09-30,7.0
180102.SZ,2025-12-31,7.0
180102.SZ,2026-03-31,7.0
180102.SZ,2026-06-30,7.0
180103.SZ,2023-03-31,5.0
180103.SZ,2023-06-30,5.0
180103.SZ,2023-09-30,5.0
180103.SZ,2023-12-31,5.0
180103.SZ,2024-03-31,5.0
180103.SZ,2024-06-30,5.0
180103.SZ,2024-09-30,5.0
180103.SZ,2024-12-31,5.0
180103.SZ,2025-03-31,5.0
180103.SZ,2025-06-30,5.0
180103.SZ,2025-09-30,5.0
180103.SZ,2025-12-31,5.0
180103.SZ,2026-03-31,5.0
180103.SZ,2026-06-30,5.0
180105.SZ,2024-12-31,8.0
180105.SZ,2025-03-31,8.0
180105.SZ,2025-06-30,8.0
180105.SZ,2025-09-30,8.0
180105.SZ,2025-12-31,8.0
180105.SZ,2026-03-31,8.0
180105.SZ,2026-06-30,8.0
180106.SZ,2025-03-31,4.0
180106.SZ,2025-06-30,4.0
180106.SZ,2025-09-30,4.0
180106.SZ,2025-12-31,4.0
180106.SZ,2026-03-31,4.0
180106.SZ,2026-06-30,4.0
180301.SZ,2021-09-30,8.0
180301.SZ,2021-12-31,8.0
180301.SZ,2022-03-31,8.0
180301.SZ,2022-06-30,8.0
180301.SZ,2022-09-30,8.0
180301.SZ,2022-12-31,8.0
180301.SZ,2023-03-31,8.0
180301.SZ,2023-06-30,9.54
180301.SZ,2023-09-30,9.54
180301.SZ,2023-12-31,9.54
180301.SZ,2024-03-31,9.54
180301.SZ,2024-06-30,9.54
180301.SZ,2024-09-30,9.54
180301.SZ,2024-12-31,9.54
180301.SZ,2025-03-31,9.54
180301.SZ,2025-06-30,9.54
180301.SZ,2025-09-30,9.54
180301.SZ,2025-12-31,9.54
180301.SZ,2026-03-31,9.54
180301.SZ,2026-06-30,9.54
180302.SZ,2024-09-30,6.0
180302.SZ,2024-12-31,6.0
180302.SZ,2025-03-31,6.0
180302.SZ,2025-06-30,6.0
180302.SZ,2025-09-30,6.0
180302.SZ,2025-12-31,6.0
180302.SZ,2026-03-31,6.0
180302.SZ,2026-06-30,6.0
180303.SZ,2024-12-31,3.0
180303.SZ,2025-03-31,3.0
180303.SZ,2025-06-30,3.0
180303.SZ,2025-09-30,3.0
180303.SZ,2025-12-31,3.0
180303.SZ,2026-03-31,3.0
180303.SZ,2026-06-30,3.0
180305.SZ,2025-06-30,10.0
180305.SZ,2025-09-30,10.0
180305.SZ,2025-12-31,10.0
180305.SZ,2026-03-31,10.0
180305.SZ,2026-06-30,10.0
180306.SZ,2026-03-31,4.0
180306.SZ,2026-06-30,4.0
180501.SZ,2022-12-31,5.0
180501.SZ,2023-03-31,5.0
180501.SZ,2023-06-30,5.0
180501.SZ,2023-09-30,5.0
180501.SZ,2023-12-31,5.0
180501.SZ,2024-03-31,5.0
180501.SZ,2024-06-30,5.0
180501.SZ,2024-09-30,5.0
180501.SZ,2024-12-31,5.0
180501.SZ,2025-03-31,5.0
180501.SZ,2025-06-30,5.0
180501.SZ,2025-09-30,5.0
180501.SZ,2025-12-31,5.0
180501.SZ,2026-03-31,5.0
180501.SZ,2026-06-30,5.0
180502.SZ,2024-12-31,5.0
180502.SZ,2025-03-31,5.0
180502.SZ,2025-06-30,5.0
180502.SZ,2025-09-30,5.0
180502.SZ,2025-12-31,5.0
180502.SZ,2026-03-31,5.0
180502.SZ,2026-06-30,5.0
180503.SZ,2026-06-30,4.0
180601.SZ,2024-03-31,10.0
180601.SZ,2024-06-30,10.0
180601.SZ,2024-09-30,10.0
180601.SZ,2024-12-31,10.0
180601.SZ,2025-03-31,10.0
180601.SZ,2025-06-30,10.0
180601.SZ,2025-09-30,10.0
180601.SZ,2025-12-31,10.0
180601.SZ,2026-03-31,10.0
180601.SZ,2026-06-30,10.0
180602.SZ,2024-06-30,10.0
180602.SZ,2024-09-30,10.0
180602.SZ,2024-12-31,10.0
180602.SZ,2025-03-31,10.0
180602.SZ,2025-06-30,10.0
180602.SZ,2025-09-30,10.0
180602.SZ,2025-12-31,10.0
180602.SZ,2026-03-31,10.0
180602.SZ,2026-06-30,10.0
180603.SZ,2024-12-31,10.0
180603.SZ,2025-03-31,10.0
180603.SZ,2025-06-30,10.0
180603.SZ,2025-09-30,10.0
180603.SZ,2025-12-31,10.0
180603.SZ,2026-03-31,10.0
180603.SZ,2026-06-30,10.0
180605.SZ,2025-03-31,5.0
180605.SZ,2025-06-30,5.0
180605.SZ,2025-09-30,5.0
180605.SZ,2025-12-31,5.0
180605.SZ,2026-03-31,5.0
180605.SZ,2026-06-30,5.0
180606.SZ,2025-09-30,5.0
180606.SZ,2025-12-31,5.0
180606.SZ,2026-03-31,5.0
180606.SZ,2026-06-30,5.0
180607.SZ,2025-12-31,3.0
180607.SZ,2026-03-31,3.0
180607.SZ,2026-06-30,3.0
180901.SZ,2025-09-30,10.0
180901.SZ,2025-12-31,10.0
180901.SZ,2026-03-31,10.0
180901.SZ,2026-06-30,10.0
508000.SH,2021-09-30,5.0
508000.SH,2021-12-31,5.0
508000.SH,2022-03-31,5.0
508000.SH,2022-06-30,5.0
508000.SH,2022-09-30,5.0
508000.SH,2022-12-31,5.0
508000.SH,2023-03-31,5.0
508000.SH,2023-06-30,9.6
508000.SH,2023-09-30,9.6
508000.SH,2023-12-31,9.6
508000.SH,2024-03-31,9.6
508000.SH,2024-06-30,9.6
508000.SH,2024-09-30,9.6
508000.SH,2024-12-31,9.6
508000.SH,2025-03-31,9.6
508000.SH,2025-06-30,9.6
508000.SH,2025-09-30,9.6
508000.SH,2025-12-31,9.6
508000.SH,2026-03-31,9.6
508000.SH,2026-06-30,9.6
508002.SH,2024-09-30,10.0
508002.SH,2024-12-31,10.0
508002.SH,2025-03-31,10.0
508002.SH,2025-06-30,10.0
508002.SH,2025-09-30,10.0
508002.SH,2025-12-31,10.0
508002.SH,2026-03-31,10.0
508002.SH,2026-06-30,10.0
508003.SH,2024-12-31,5.0
508003.SH,2025-03-31,5.0
508003.SH,2025-06-30,5.0
508003.SH,2025-09-30,5.0
508003.SH,2025-12-31,5.0
508003.SH,2026-03-31,5.0
508003.SH,2026-06-30,5.0
508005.SH,2024-12-31,8.0
508005.SH,2025-03-31,8.0
508005.SH,2025-06-30,8.0
508005.SH,2025-09-30,8.0
508005.SH,2025-12-31,8.0
508005.SH,2026-03-31,8.0
508005.SH,2026-06-30,8.0
508010.SH,2025-03-31,4.0
508010.SH,2025-06-30,4.0
508010.SH,2025-09-30,4.0
508010.SH,2025-12-31,4.0
508010.SH,2026-03-31,4.0
508010.SH,2026-06-30,4.0
508011.SH,2024-03-31,4.0
508011.SH,2024-06-30,4.0
508011.SH,2024-09-30,4.0
508011.SH,2024-12-31,4.0
508011.SH,2025-03-31,4.0
508011.SH,2025-06-30,4.0
508011.SH,2025-09-30,4.0
508011.SH,2025-12-31,4.0
508011.SH,2026-03-31,4.0
508011.SH,2026-06-30,4.0
508012.SH,2025-03-31,3.0
508012.SH,2025-06-30,3.0
508012.SH,2025-09-30,3.0
508012.SH,2025-12-31,3.0
508012.SH,2026-03-31,3.0
508012.SH,2026-06-30,3.0
508017.SH,2024-03-31,4.0
508017.SH,2024-06-30,4.0
508017.SH,2024-09-30,4.0
508017.SH,2024-12-31,4.0
508017.SH,2025-03-31,4.0
508017.SH,2025-06-30,4.0
508017.SH,2025-09-30,4.0
508017.SH,2025-12-31,4.0
508017.SH,2026-03-31,4.0
508017.SH,2026-06-30,4.0
508019.SH,2023-09-30,6.0
508019.SH,2023-12-31,6.0
508019.SH,2024-03-31,6.0
508019.SH,2024-06-30,6.0
508019.SH,2024-09-30,6.0
508019.SH,2024-12-31,6.0
508019.SH,2025-03-31,6.0
508019.SH,2025-06-30,6.0
508019.SH,2025-09-30,6.0
508019.SH,2025-12-31,6.0
508019.SH,2026-03-31,6.0
508019.SH,2026-06-30,6.0
508021.SH,2022-12-31,2.0
508021.SH,2023-03-31,2.0
508021.SH,2023-06-30,2.0
508021.SH,2023-09-30,2.0
508021.SH,2023-12-31,2.0
508021.SH,2024-03-31,2.0
508021.SH,2024-06-30,2.0
508021.SH,2024-09-30,2.0
508021.SH,2024-12-31,2.0
508021.SH,2025-03-31,2.0
508021.SH,2025-06-30,2.0
508021.SH,2025-09-30,5.89
508021.SH,2025-12-31,5.89
508021.SH,2026-03-31,5.89
508021.SH,2026-06-30,5.89
508022.SH,2024-12-31,5.0
508022.SH,2025-03-31,5.0
508022.SH,2025-06-30,5.0
508022.SH,2025-09-30,5.0
508022.SH,2025-12-31,5.0
508022.SH,2026-03-31,5.0
508022.SH,2026-06-30,5.0
508027.SH,2021-09-30,9.0
508027.SH,2021-12-31,9.0
508027.SH,2022-03-31,9.0
508027.SH,2022-06-30,9.0
508027.SH,2022-09-30,9.0
508027.SH,2022-12-31,9.0
508027.SH,2023-03-31,9.0
508027.SH,2023-06-30,9.0
508027.SH,2023-09-30,9.0
508027.SH,2023-12-31,9.0
508027.SH,2024-03-31,9.0
508027.SH,2024-06-30,9.0
508027.SH,2024-09-30,9.0
508027.SH,2024-12-31,9.0
508027.SH,2025-03-31,9.0
508027.SH,2025-06-30,9.0
508027.SH,2025-09-30,9.0
508027.SH,2025-12-31,9.0
508027.SH,2026-03-31,9.0
508027.SH,2026-06-30,9.0
508029.SH,2025-12-31,3.0
508029.SH,2026-03-31,3.0
508029.SH,2026-06-30,3.0
508031.SH,2024-03-31,10.0
508031.SH,2024-06-30,10.0
508031.SH,2024-09-30,10.0
508031.SH,2024-12-31,10.0
508031.SH,2025-03-31,10.0
508031.SH,2025-06-30,10.0
508031.SH,2025-09-30,10.0
508031.SH,2025-12-31,10.0
508031.SH,2026-03-31,10.0
508031.SH,2026-06-30,10.0
508039.SH,2025-09-30,10.0
508039.SH,2025-12-31,10.0
508039.SH,2026-03-31,10.0
508039.SH,2026-06-30,10.0
508048.SH,2025-03-31,4.0
508048.SH,2025-06-30,4.0
508048.SH,2025-09-30,4.0
508048.SH,2025-12-31,4.0
508048.SH,2026-03-31,4.0
508048.SH,2026-06-30,4.0
508055.SH,2025-06-30,5.0
508055.SH,2025-09-30,5.0
508055.SH,2025-12-31,5.0
508055.SH,2026-03-31,5.0
508055.SH,2026-06-30,5.0
508056.SH,2021-09-30,15.0
508056.SH,2021-12-31,15.0
508056.SH,2022-03-31,15.0
508056.SH,2022-06-30,15.0
508056.SH,2022-09-30,15.0
508056.SH,2022-12-31,15.0
508056.SH,2023-03-31,15.0
508056.SH,2023-06-30,19.38
508056.SH,2023-09-30,19.38
508056.SH,2023-12-31,19.38
508056.SH,2024-03-31,19.38
508056.SH,2024-06-30,19.38
508056.SH,2024-09-30,19.38
508056.SH,2024-12-31,19.38
508056.SH,2025-03-31,19.38
508056.SH,2025-06-30,19.38
508056.SH,2025-09-30,19.38
508056.SH,2025-12-31,19.38
508056.SH,2026-03-31,19.38
508056.SH,2026-06-30,19.38
508058.SH,2022-12-31,5.0
508058.SH,2023-03-31,5.0
508058.SH,2023-06-30,5.0
508058.SH,2023-09-30,5.0
508058.SH,2023-12-31,5.0
508058.SH,2024-03-31,5.0
508058.SH,2024-06-30,5.0
508058.SH,2024-09-30,5.0
508058.SH,2024-12-31,5.0
508058.SH,2025-03-31,5.0
508058.SH,2025-06-30,5.0
508058.SH,2025-09-30,5.0
508058.SH,2025-12-31,5.0
508058.SH,2026-03-31,5.0
508058.SH,2026-06-30,7.13
508060.SH,2025-09-30,8.0
508060.SH,2025-12-31,8.0
508060.SH,2026-03-31,8.0
508060.SH,2026-06-30,8.0
508068.SH,2022-12-31,5.0
508068.SH,2023-03-31,5.0
508068.SH,2023-06-30,5.0
508068.SH,2023-09-30,5.0
508068.SH,2023-12-31,5.0
508068.SH,2024-03-31,5.0
508068.SH,2024-06-30,5.0
508068.SH,2024-09-30,5.0
508068.SH,2024-12-31,5.0
508068.SH,2025-03-31,5.0
508068.SH,2025-06-30,7.24
508068.SH,2025-09-30,7.24
508068.SH,2025-12-31,7.24
508068.SH,2026-03-31,7.24
508068.SH,2026-06-30,7.24
508077.SH,2023-03-31,5.0
508077.SH,2023-06-30,5.0
508077.SH,2023-09-30,5.0
508077.SH,2023-12-31,5.0
508077.SH,2024-03-31,5.0
508077.SH,2024-06-30,5.0
508077.SH,2024-09-30,5.0
508077.SH,2024-12-31,5.0
508077.SH,2025-03-31,5.0
508077.SH,2025-06-30,5.0
508077.SH,2025-09-30,5.0
508077.SH,2025-12-31,9.48
508077.SH,2026-03-31,9.48
508077.SH,2026-06-30,9.48
508078.SH,2025-03-31,8.0
508078.SH,2025-06-30,8.0
508078.SH,2025-09-30,8.0
508078.SH,2025-12-31,8.0
508078.SH,2026-03-31,8.0
508078.SH,2026-06-30,8.0
508080.SH,2025-09-30,4.0
508080.SH,2025-12-31,4.0
508080.SH,2026-03-31,4.0
508080.SH,2026-06-30,4.0
508082.SH,2025-12-31,10.0
508082.SH,2026-03-31,10.0
508082.SH,2026-06-30,10.0
508084.SH,2025-06-30,4.0
508084.SH,2025-09-30,4.0
508084.SH,2025-12-31,4.0
508084.SH,2026-03-31,4.0
508084.SH,2026-06-30,4.0
508085.SH,2025-06-30,5.0
508085.SH,2025-09-30,5.0
508085.SH,2025-12-31,5.0
508085.SH,2026-03-31,5.0
508085.SH,2026-06-30,5.0
508088.SH,2022-12-31,5.0
508088.SH,2023-03-31,5.0
508088.SH,2023-06-30,5.0
508088.SH,2023-09-30,5.0
508088.SH,2023-12-31,5.0
508088.SH,2024-03-31,5.0
508088.SH,2024-06-30,5.0
508088.SH,2024-09-30,5.0
508088.SH,2024-12-31,5.0
508088.SH,2025-03-31,5.0
508088.SH,2025-06-30,5.0
508088.SH,2025-09-30,5.0
508088.SH,2025-12-31,6.19
508088.SH,2026-03-31,6.19
508088.SH,2026-06-30,6.19
508090.SH,2025-09-30,4.0
508090.SH,2025-12-31,4.0
508090.SH,2026-03-31,4.0
508090.SH,2026-06-30,4.0
508091.SH,2025-12-31,4.0
508091.SH,2026-03-31,4.0
508091.SH,2026-06-30,4.0
508092.SH,2025-03-31,4.0
508092.SH,2025-06-30,4.0
508092.SH,2025-09-30,4.0
508092.SH,2025-12-31,4.0
508092.SH,2026-03-31,4.0
508092.SH,2026-06-30,4.0
508097.SH,2025-03-31,4.0
508097.SH,2025-06-30,4.0
508097.SH,2025-09-30,4.0
508097.SH,2025-12-31,4.0
508097.SH,2026-03-31,4.0
508097.SH,2026-06-30,4.0
508098.SH,2023-03-31,5.0
508098.SH,2023-06-30,5.0
508098.SH,2023-09-30,5.0
508098.SH,2023-12-31,5.0
508098.SH,2024-03-31,5.0
508098.SH,2024-06-30,5.0
508098.SH,2024-09-30,5.0
508098.SH,2024-12-31,5.0
508098.SH,2025-03-31,5.0
508098.SH,2025-06-30,5.0
508098.SH,2025-09-30,5.0
508098.SH,2025-12-31,5.0
508098.SH,2026-03-31,5.0
508098.SH,2026-06-30,5.0
508099.SH,2022-03-31,9.0
508099.SH,2022-06-30,9.0
508099.SH,2022-09-30,9.0
508099.SH,2022-12-31,9.0
508099.SH,2023-03-31,9.0
508099.SH,2023-06-30,9.0
508099.SH,2023-09-30,9.0
508099.SH,2023-12-31,9.0
508099.SH,2024-03-31,9.0
508099.SH,2024-06-30,9.0
508099.SH,2024-09-30,9.0
508099.SH,2024-12-31,9.0
508099.SH,2025-03-31,9.0
508099.SH,2025-06-30,9.0
508099.SH,2025-09-30,9.0
508099.SH,2025-12-31,9.0
508099.SH,2026-03-31,9.0
508099.SH,2026-06-30,9.0
